{
  "subType" : "customapp",
  "description" : "KonyTravelApp",
  "version" : "1.0",
  "intSvcs" : [ {
    "name" : "Amadeus",
    "version" : "1.0"
  }, {
    "name" : "MBaasAuthentication",
    "version" : "1.0"
  }, {
    "name" : "PushNotification",
    "version" : "1.0"
  } ],
  "orchSvcs" : [ {
    "name" : "Notification",
    "version" : "1.0"
  } ],
  "objectSvcs" : [ {
    "name" : "FlightBookingObjectService",
    "version" : "1.0"
  } ],
  "identity" : [ "userstore", "reusableLinkedinLogin", "reusableOffice365Login", "reusableFacebookLogin" ]
}