{
  "name" : "reusableOffice365Login",
  "displayName" : "reusableOffice365Login",
  "type" : "oauth2",
  "version" : "1.0",
  "metaPreference" : -1,
  "config" : "{\"logout_url\":\"\",\"additional_data\":{\"refresh_request\":[{\"in\":\"form\",\"source\":\"constant\",\"value\":\"https://graph.microsoft.com/\",\"key\":\"resource\"}],\"token_request\":[{\"in\":\"form\",\"source\":\"constant\",\"value\":\"https://graph.microsoft.com/\",\"key\":\"resource\"}],\"revoke_request\":[],\"profile_request\":[],\"authorize_request\":[]},\"auth_type\":\"oauth2\",\"grant_type\":\"authorization_code\",\"profile\":{\"profile_attribute_selectors\":{\"federation_id\":\"userPrincipalName\",\"last_name\":\"\",\"custom_profile_attribute_selectors\":{},\"first_name\":\"\",\"email\":\"\"},\"endpoint\":{\"location\":\"url\",\"type\":\"direct\",\"value\":\"https://graph.microsoft.com/v1.0/me\"},\"request_method\":\"GET\"},\"authentication_scheme\":\"header\",\"client_authentication\":{\"authentication_scheme\":\"form\",\"client_secret\":\"E7O3FZL38aysV0VYJlyF3nzjMPVd1YyQ+PWmSkZ7yjI=\",\"client_id\":\"2137a236-d70c-497b-b4a2-8fb736c41750\"},\"dependent_providers\":[],\"oauthProviderType\":\"default\",\"token_endpoint\":\"https://login.microsoftonline.com/b63981cd-c7f5-47d0-a6f4-01bd854a0af1/oauth2/token\",\"authorization_endpoint\":\"https://login.microsoftonline.com/b63981cd-c7f5-47d0-a6f4-01bd854a0af1/oauth2/authorize\"}",
  "policyConfig" : "{\"max_login_fail\":5,\"def_user_status\":\"pending\"}",
  "admissionPolicy" : "no_approval_needed",
  "identityMeta" : {
    "allow_sso" : false
  },
  "ssoenabled" : false
}