{
    "AS_Button_a24d38f09b2741828fca8a470d4e505c": {
        "id": "AS_Button_a24d38f09b2741828fca8a470d4e505c",
        "type": "ACTION_SEQUENCE",
        "params": [{
            "datatype": "collection",
            "name": "eventobject"
        }],
        "contextObj": {
            "name": "frmFlightBooking",
            "type": "forms",
            "platform": "",
            "KUID": "b72d0ef0ec164d21b3a4a299fafd7246"
        },
        "language": "js",
        "actions": [{
            "id": "ADD_SNIPPET__d126f4b5d8b844bd83646f00c88b8860",
            "type": "ADD_SNIPPET",
            "codeSnippet": "this.navigateToFlightBookingSummary();",
            "parentId": null,
            "callbackType": null
        }]
    }
}