{
    "AS_Button_g41fbff9f808439bad4ef62246d9e0ef": {
        "id": "AS_Button_g41fbff9f808439bad4ef62246d9e0ef",
        "type": "ACTION_SEQUENCE",
        "params": [{
            "datatype": "collection",
            "name": "eventobject"
        }],
        "contextObj": {
            "name": "frmFindFlight",
            "type": "forms",
            "platform": "",
            "KUID": "fa23e89fcec0458ca189fb07a620f494"
        },
        "language": "js",
        "actions": [{
            "id": "INVOKE_FUNCTION___c309466057e947ddb1101966dd7233db",
            "type": "INVOKE_FUNCTION",
            "sequenceKUID": "hideNumberOfPassengersSelectionLayer",
            "display": "hideNumberOfPassengersSelectionLayer",
            "inputparams": [],
            "parentId": null,
            "callbackType": null,
            "disabled": null,
            "source": "controller"
        }]
    }
}