{
    "AS_Button_f62a87b6808f44c992135fbd1d3a148e": {
        "id": "AS_Button_f62a87b6808f44c992135fbd1d3a148e",
        "type": "ACTION_SEQUENCE",
        "params": [{
            "datatype": "collection",
            "name": "eventobject"
        }],
        "language": "js",
        "actions": [{
            "id": "INVOKE_FUNCTION__ide_onClick_gc252d5b252f4a6aa3a2dee971eb6cf3",
            "type": "INVOKE_FUNCTION",
            "sequenceKUID": "travellerDetails",
            "display": "travellerDetails",
            "inputparams": [],
            "callbackType": null,
            "disabled": null,
            "source": "controller"
        }]
    }
}