{
    "AS_Button_gb6ecb9f20ca47d984adb67f5cc5f74a": {
        "id": "AS_Button_gb6ecb9f20ca47d984adb67f5cc5f74a",
        "type": "ACTION_SEQUENCE",
        "params": [{
            "datatype": "collection",
            "name": "eventobject"
        }],
        "language": "js",
        "actions": [{
            "id": "ADD_SNIPPET__cd30c88edbdd407e8bef67a4efcaea28",
            "type": "ADD_SNIPPET",
            "codeSnippet": "this.hideNumberOfPassengersSelectionLayer();",
            "parentId": null
        }]
    }
}