{
    "AS_Button_b2538e0b7d9e4786a1cbd4ef75275662": {
        "id": "AS_Button_b2538e0b7d9e4786a1cbd4ef75275662",
        "type": "ACTION_SEQUENCE",
        "params": [{
            "datatype": "collection",
            "name": "eventobject"
        }],
        "contextObj": {
            "type": "forms",
            "platform": null,
            "KUID": "dc8c2fe9d5d946da8286d0f6f4f5a90e"
        },
        "language": "js",
        "actions": [{
            "id": "INVOKE_FUNCTION__ide_onClick_cdda20b1682f4ab6b9b2ae92818a5b80",
            "type": "INVOKE_FUNCTION",
            "sequenceKUID": "fetchAndPopulateFlights",
            "display": "fetchAndPopulateFlights",
            "inputparams": [],
            "callbackType": null,
            "disabled": null,
            "source": "controller"
        }]
    }
}