{
    "AS_Button_h355db17690a4403a8f95a22d1107926": {
        "id": "AS_Button_h355db17690a4403a8f95a22d1107926",
        "type": "ACTION_SEQUENCE",
        "params": [{
            "datatype": "collection",
            "name": "eventobject"
        }],
        "contextObj": {
            "name": "frmFlightDetails",
            "type": "forms",
            "platform": null,
            "KUID": "db2b2475b2804010af4e6f287758b741"
        },
        "language": "js",
        "actions": [{
            "id": "INVOKE_FUNCTION__ide_onClick_d2835501c46e46dd962498f90f8baa2a",
            "type": "INVOKE_FUNCTION",
            "sequenceKUID": "hideNumberOfPassengersSelectionLayer",
            "display": "hideNumberOfPassengersSelectionLayer",
            "inputparams": [],
            "callbackType": null,
            "disabled": null,
            "source": "controller"
        }]
    }
}