{
    "AS_Button_d19326c92bb34903bd4607e37eb97211": {
        "id": "AS_Button_d19326c92bb34903bd4607e37eb97211",
        "type": "ACTION_SEQUENCE",
        "params": [{
            "datatype": "collection",
            "name": "eventobject"
        }],
        "contextObj": {
            "name": "frmFlightBookingSummary",
            "type": "forms",
            "platform": null,
            "KUID": "j14a177b2af045a8acd9f165e9da6255"
        },
        "language": "js",
        "actions": [{
            "id": "ADD_SNIPPET__fe5f7b3fcf5141ba9c3cfd088777a176",
            "type": "ADD_SNIPPET",
            "codeSnippet": "this.confirm();",
            "parentId": null,
            "callbackType": null
        }]
    }
}