{
    "AS_Button_a60b64c7ac0146458ae8e353c31a3351": {
        "id": "AS_Button_a60b64c7ac0146458ae8e353c31a3351",
        "type": "ACTION_SEQUENCE",
        "params": [{
            "datatype": "collection",
            "name": "eventobject"
        }],
        "contextObj": {
            "type": "forms",
            "platform": null,
            "KUID": "g3972f9485ef42a4bc88ce738495e7b0"
        },
        "language": "js",
        "actions": [{
            "id": "INVOKE_FUNCTION__ide_onClick_e7cd72157ba64a16aabeb7a61fcdb680",
            "type": "INVOKE_FUNCTION",
            "sequenceKUID": "fetchAndPopulateFlights",
            "display": "fetchAndPopulateFlights",
            "inputparams": [],
            "callbackType": null,
            "disabled": null,
            "source": "controller"
        }]
    }
}