{
    "AS_Button_acaf1b07fc88461786a2b99134dbb378": {
        "id": "AS_Button_acaf1b07fc88461786a2b99134dbb378",
        "type": "ACTION_SEQUENCE",
        "params": [{
            "datatype": "collection",
            "name": "eventobject"
        }],
        "contextObj": {
            "name": "frmFlightDetails",
            "type": "forms",
            "platform": null,
            "KUID": "db2b2475b2804010af4e6f287758b741"
        },
        "language": "js",
        "actions": [{
            "id": "INVOKE_FUNCTION__ide_onClick_cff6e00b96a247fd83809f4888b02a03",
            "type": "INVOKE_FUNCTION",
            "sequenceKUID": "fetchAndPopulateFlights",
            "display": "fetchAndPopulateFlights",
            "inputparams": [],
            "callbackType": null,
            "disabled": null,
            "source": "controller"
        }]
    }
}