{
    "AS_Button_e02e7c60ece24a87aafa567a65b5e5d0": {
        "id": "AS_Button_e02e7c60ece24a87aafa567a65b5e5d0",
        "type": "ACTION_SEQUENCE",
        "params": [{
            "datatype": "collection",
            "name": "eventobject"
        }],
        "contextObj": {
            "type": "forms",
            "platform": null,
            "KUID": "dc8c2fe9d5d946da8286d0f6f4f5a90e"
        },
        "language": "js",
        "actions": [{
            "id": "INVOKE_FUNCTION__ide_onClick_d90debde4c1940bbaabe90e3f5152c69",
            "type": "INVOKE_FUNCTION",
            "sequenceKUID": "hideNumberOfPassengersSelectionLayer",
            "display": "hideNumberOfPassengersSelectionLayer",
            "inputparams": [],
            "callbackType": null,
            "disabled": null,
            "source": "controller"
        }]
    }
}