{
    "AS_Button_d796f3b089154a3881d48256264e54a1": {
        "id": "AS_Button_d796f3b089154a3881d48256264e54a1",
        "type": "ACTION_SEQUENCE",
        "params": [{
            "datatype": "collection",
            "name": "eventobject"
        }],
        "contextObj": {
            "name": "frmFlightDetails",
            "type": "forms",
            "platform": "",
            "KUID": "db2b2475b2804010af4e6f287758b741"
        },
        "language": "js",
        "actions": [{
            "id": "ADD_SNIPPET__i56e8f6aed9747a4a8e97b79bd309dbe",
            "type": "ADD_SNIPPET",
            "codeSnippet": "this.travellerDetails();",
            "parentId": null,
            "callbackType": null
        }]
    }
}