{
    "AS_Button_ef74ae9773b34dc38444d78906f5513b": {
        "id": "AS_Button_ef74ae9773b34dc38444d78906f5513b",
        "type": "ACTION_SEQUENCE",
        "params": [{
            "datatype": "collection",
            "name": "eventobject"
        }],
        "contextObj": {
            "type": "forms",
            "platform": null,
            "KUID": "g3972f9485ef42a4bc88ce738495e7b0"
        },
        "language": "js",
        "actions": [{
            "id": "INVOKE_FUNCTION__ide_onClick_aaf598e167f14814aaefe6c3bb96ebb2",
            "type": "INVOKE_FUNCTION",
            "sequenceKUID": "hideNumberOfPassengersSelectionLayer",
            "display": "hideNumberOfPassengersSelectionLayer",
            "inputparams": [],
            "callbackType": null,
            "disabled": null,
            "source": "controller"
        }]
    }
}