{
    "AS_Button_e1770f36a976457cb79c9aff578eb6b1": {
        "id": "AS_Button_e1770f36a976457cb79c9aff578eb6b1",
        "type": "ACTION_SEQUENCE",
        "params": [{
            "datatype": "collection",
            "name": "eventobject"
        }],
        "contextObj": {
            "type": "forms",
            "platform": null,
            "KUID": "a87e598e068949b4b41ffccd1725e43b"
        },
        "language": "js",
        "actions": [{
            "id": "INVOKE_FUNCTION__ide_onClick_h9d0bf0d357a4620aca57af7d70bb26b",
            "type": "INVOKE_FUNCTION",
            "sequenceKUID": "hideNumberOfPassengersSelectionLayer",
            "display": "hideNumberOfPassengersSelectionLayer",
            "inputparams": [],
            "callbackType": null,
            "disabled": null,
            "source": "controller"
        }]
    }
}