{
    "AS_Button_ge77fa7c7d524e379e3d812132651671": {
        "id": "AS_Button_ge77fa7c7d524e379e3d812132651671",
        "type": "ACTION_SEQUENCE",
        "params": [{
            "datatype": "collection",
            "name": "eventobject"
        }],
        "contextObj": {
            "name": "Form1",
            "type": "forms",
            "platform": null,
            "KUID": "j3b22d7da81c45b8a29abbf112863155"
        },
        "language": "js",
        "actions": [{
            "id": "ADD_SNIPPET__de1de22d55514df2ada8655dc40ce52e",
            "type": "ADD_SNIPPET",
            "codeSnippet": "this.performSquare();",
            "parentId": null,
            "callbackType": null
        }]
    }
}