{
    "AS_Button_c99a99001a8844219ba3176753806ec9": {
        "id": "AS_Button_c99a99001a8844219ba3176753806ec9",
        "type": "ACTION_SEQUENCE",
        "params": [{
            "datatype": "collection",
            "name": "eventobject"
        }],
        "contextObj": {
            "name": "frmFindFlight",
            "type": "forms",
            "platform": "",
            "KUID": "fa23e89fcec0458ca189fb07a620f494"
        },
        "language": "js",
        "actions": [{
            "id": "INVOKE_FUNCTION___a1bc0a8e4a7f436f87391c01a433c551",
            "type": "INVOKE_FUNCTION",
            "sequenceKUID": "fetchAndPopulateFlights",
            "display": "fetchAndPopulateFlights",
            "inputparams": [],
            "parentId": null,
            "callbackType": null,
            "disabled": null,
            "source": "controller"
        }]
    }
}