{
    "AS_Button_d3eac685f4224d52bad80c6240b090c9": {
        "id": "AS_Button_d3eac685f4224d52bad80c6240b090c9",
        "type": "ACTION_SEQUENCE",
        "params": [{
            "datatype": "collection",
            "name": "eventobject"
        }],
        "contextObj": {
            "type": "forms",
            "platform": null,
            "KUID": "a87e598e068949b4b41ffccd1725e43b"
        },
        "language": "js",
        "actions": [{
            "id": "INVOKE_FUNCTION__ide_onClick_a80b7a5245584d8a9ed138d76d316a94",
            "type": "INVOKE_FUNCTION",
            "sequenceKUID": "fetchAndPopulateFlights",
            "display": "fetchAndPopulateFlights",
            "inputparams": [],
            "callbackType": null,
            "disabled": null,
            "source": "controller"
        }]
    }
}