{
    "AS_Button_c9a7482b2b464fd8b4771e6c847113b3": {
        "id": "AS_Button_c9a7482b2b464fd8b4771e6c847113b3",
        "type": "ACTION_SEQUENCE",
        "params": [{
            "datatype": "collection",
            "name": "eventobject"
        }],
        "contextObj": {
            "name": "frmFindFlight",
            "type": "forms",
            "platform": "",
            "KUID": "fa23e89fcec0458ca189fb07a620f494"
        },
        "language": "js",
        "actions": [{
            "id": "ADD_SNIPPET__eb200e348b984ee8ad1404913d35ee1d",
            "type": "ADD_SNIPPET",
            "codeSnippet": "this.fetchAndPopulateFlights();",
            "parentId": null,
            "callbackType": null
        }]
    }
}