{
    "AS_Calendar_ba46c3b9563d465d8b198ae2f8062179": {
        "id": "AS_Calendar_ba46c3b9563d465d8b198ae2f8062179",
        "type": "ACTION_SEQUENCE",
        "params": [{
            "datatype": "collection",
            "name": "eventobject"
        }, {
            "datatype": "boolean",
            "name": "isValidDateSelected"
        }],
        "contextObj": {
            "type": "forms",
            "platform": null,
            "KUID": "a87e598e068949b4b41ffccd1725e43b"
        },
        "language": "js",
        "actions": [{
            "id": "INVOKE_FUNCTION__ide_onSelection_b023a107639b469696997c8700474260",
            "type": "INVOKE_FUNCTION",
            "sequenceKUID": "populateReturnDatesBasedOnDepartureDateSelected",
            "display": "populateReturnDatesBasedOnDepartureDateSelected",
            "inputparams": [],
            "callbackType": null,
            "disabled": null,
            "source": "controller"
        }]
    }
}