{
    "AS_Calendar_b5e5d38fbf2e4eb09e8a36f6d606f021": {
        "id": "AS_Calendar_b5e5d38fbf2e4eb09e8a36f6d606f021",
        "type": "ACTION_SEQUENCE",
        "params": [{
            "datatype": "collection",
            "name": "eventobject"
        }, {
            "datatype": "boolean",
            "name": "isValidDateSelected"
        }],
        "contextObj": {
            "name": "frmFindFlight",
            "type": "forms",
            "platform": "",
            "KUID": "fa23e89fcec0458ca189fb07a620f494"
        },
        "language": "js",
        "actions": [{
            "id": "ADD_SNIPPET__d7f9fec219004a94926974d130c7654a",
            "type": "ADD_SNIPPET",
            "codeSnippet": "this.returnDateValidation();",
            "parentId": null,
            "callbackType": null
        }]
    }
}