{
    "AS_Calendar_a9b3012922154885a9e0433e0c3ae13a": {
        "id": "AS_Calendar_a9b3012922154885a9e0433e0c3ae13a",
        "type": "ACTION_SEQUENCE",
        "params": [{
            "datatype": "collection",
            "name": "eventobject"
        }, {
            "datatype": "boolean",
            "name": "isValidDateSelected"
        }],
        "contextObj": {
            "type": "forms",
            "platform": null,
            "KUID": "a87e598e068949b4b41ffccd1725e43b"
        },
        "language": "js",
        "actions": [{
            "id": "INVOKE_FUNCTION__ide_onSelection_e693d630c15b4d7a89ab2fa3188de595",
            "type": "INVOKE_FUNCTION",
            "sequenceKUID": "returnDateValidation",
            "display": "returnDateValidation",
            "inputparams": [],
            "callbackType": null,
            "disabled": null,
            "source": "controller"
        }]
    }
}