{
    "AS_Calendar_c81850b5943645a8af28e8d1129ec753": {
        "id": "AS_Calendar_c81850b5943645a8af28e8d1129ec753",
        "type": "ACTION_SEQUENCE",
        "params": [{
            "datatype": "collection",
            "name": "eventobject"
        }, {
            "datatype": "boolean",
            "name": "isValidDateSelected"
        }],
        "contextObj": {
            "name": "frmFindFlight",
            "type": "forms",
            "platform": "",
            "KUID": "fa23e89fcec0458ca189fb07a620f494"
        },
        "language": "js",
        "actions": []
    }
}