{
    "AS_Calendar_d5e71d4539a7454d8ceebf109eab19fa": {
        "id": "AS_Calendar_d5e71d4539a7454d8ceebf109eab19fa",
        "type": "ACTION_SEQUENCE",
        "params": [{
            "datatype": "collection",
            "name": "eventobject"
        }, {
            "datatype": "boolean",
            "name": "isValidDateSelected"
        }],
        "contextObj": {
            "type": "forms",
            "platform": null,
            "KUID": "g3972f9485ef42a4bc88ce738495e7b0"
        },
        "language": "js",
        "actions": [{
            "id": "INVOKE_FUNCTION__ide_onSelection_hdf5ce490b7e45248474df1fb41facb6",
            "type": "INVOKE_FUNCTION",
            "sequenceKUID": "populateReturnDatesBasedOnDepartureDateSelected",
            "display": "populateReturnDatesBasedOnDepartureDateSelected",
            "inputparams": [],
            "callbackType": null,
            "disabled": null,
            "source": "controller"
        }]
    }
}