{
    "AS_Calendar_cfb02f6c669e4527acd80ab5385deace": {
        "id": "AS_Calendar_cfb02f6c669e4527acd80ab5385deace",
        "type": "ACTION_SEQUENCE",
        "params": [{
            "datatype": "collection",
            "name": "eventobject"
        }, {
            "datatype": "boolean",
            "name": "isValidDateSelected"
        }],
        "contextObj": {
            "type": "forms",
            "platform": null,
            "KUID": "g3972f9485ef42a4bc88ce738495e7b0"
        },
        "language": "js",
        "actions": [{
            "id": "INVOKE_FUNCTION__ide_onSelection_ib9f3640b958426680c7ab8f0247abb0",
            "type": "INVOKE_FUNCTION",
            "sequenceKUID": "returnDateValidation",
            "display": "returnDateValidation",
            "inputparams": [],
            "callbackType": null,
            "disabled": null,
            "source": "controller"
        }]
    }
}