{
    "AS_Calendar_ac09afeaf3054385ab08d4d7c024d3e7": {
        "id": "AS_Calendar_ac09afeaf3054385ab08d4d7c024d3e7",
        "type": "ACTION_SEQUENCE",
        "params": [{
            "datatype": "collection",
            "name": "eventobject"
        }, {
            "datatype": "boolean",
            "name": "isValidDateSelected"
        }],
        "contextObj": {
            "name": "frmFindFlight",
            "type": "forms",
            "platform": "",
            "KUID": "fa23e89fcec0458ca189fb07a620f494"
        },
        "language": "js",
        "actions": [{
            "id": "INVOKE_FUNCTION___a1f7c351eaa344c7a9daa1956b02c242",
            "type": "INVOKE_FUNCTION",
            "sequenceKUID": "returnDateValidation",
            "display": "returnDateValidation",
            "inputparams": [],
            "parentId": null,
            "callbackType": null,
            "disabled": null,
            "source": "controller"
        }]
    }
}