{
    "AS_Calendar_ce66528810854e3980636cb4595204e5": {
        "id": "AS_Calendar_ce66528810854e3980636cb4595204e5",
        "type": "ACTION_SEQUENCE",
        "params": [{
            "datatype": "collection",
            "name": "eventobject"
        }, {
            "datatype": "boolean",
            "name": "isValidDateSelected"
        }],
        "contextObj": {
            "name": "frmFlightDetails",
            "type": "forms",
            "platform": null,
            "KUID": "db2b2475b2804010af4e6f287758b741"
        },
        "language": "js",
        "actions": [{
            "id": "INVOKE_FUNCTION__ide_onSelection_e896ab5d346a40138825503d3b946372",
            "type": "INVOKE_FUNCTION",
            "sequenceKUID": "returnDateValidation",
            "display": "returnDateValidation",
            "inputparams": [],
            "callbackType": null,
            "disabled": null,
            "source": "controller"
        }]
    }
}