{
    "AS_Calendar_ccfe3d6e61f54065ba24c961d54896be": {
        "id": "AS_Calendar_ccfe3d6e61f54065ba24c961d54896be",
        "type": "ACTION_SEQUENCE",
        "params": [{
            "datatype": "collection",
            "name": "eventobject"
        }, {
            "datatype": "boolean",
            "name": "isValidDateSelected"
        }],
        "contextObj": {
            "type": "forms",
            "platform": null,
            "KUID": "dc8c2fe9d5d946da8286d0f6f4f5a90e"
        },
        "language": "js",
        "actions": [{
            "id": "INVOKE_FUNCTION__ide_onSelection_i21ca339cfd4452d9923268a60303d09",
            "type": "INVOKE_FUNCTION",
            "sequenceKUID": "returnDateValidation",
            "display": "returnDateValidation",
            "inputparams": [],
            "callbackType": null,
            "disabled": null,
            "source": "controller"
        }]
    }
}