{
    "AS_Calendar_c57b3e2c4f9045e5bfce96ad29eb9678": {
        "id": "AS_Calendar_c57b3e2c4f9045e5bfce96ad29eb9678",
        "type": "ACTION_SEQUENCE",
        "params": [{
            "datatype": "collection",
            "name": "eventobject"
        }, {
            "datatype": "boolean",
            "name": "isValidDateSelected"
        }],
        "contextObj": {
            "name": "frmFlightDetails",
            "type": "forms",
            "platform": null,
            "KUID": "db2b2475b2804010af4e6f287758b741"
        },
        "language": "js",
        "actions": [{
            "id": "INVOKE_FUNCTION__ide_onSelection_b37505279e0343b4819986f236230cbc",
            "type": "INVOKE_FUNCTION",
            "sequenceKUID": "populateReturnDatesBasedOnDepartureDateSelected",
            "display": "populateReturnDatesBasedOnDepartureDateSelected",
            "inputparams": [],
            "callbackType": null,
            "disabled": null,
            "source": "controller"
        }]
    }
}