{
    "AS_Calendar_g16169efd1414787afae260dff4f83b3": {
        "id": "AS_Calendar_g16169efd1414787afae260dff4f83b3",
        "type": "ACTION_SEQUENCE",
        "params": [{
            "datatype": "collection",
            "name": "eventobject"
        }, {
            "datatype": "boolean",
            "name": "isValidDateSelected"
        }],
        "contextObj": {
            "name": "frmFindFlight",
            "type": "forms",
            "platform": "",
            "KUID": "fa23e89fcec0458ca189fb07a620f494"
        },
        "language": "js",
        "actions": [{
            "id": "ADD_SNIPPET__ic16253a7b804b03be03a1b1c22c5830",
            "type": "ADD_SNIPPET",
            "codeSnippet": "this.populateReturnDatesBasedOnDepartureDateSelected();",
            "parentId": null,
            "callbackType": null
        }]
    }
}