{
    "AS_Calendar_gee4bfe4170b4b30b37b9115f2a68008": {
        "id": "AS_Calendar_gee4bfe4170b4b30b37b9115f2a68008",
        "type": "ACTION_SEQUENCE",
        "params": [{
            "datatype": "collection",
            "name": "eventobject"
        }, {
            "datatype": "boolean",
            "name": "isValidDateSelected"
        }],
        "contextObj": {
            "type": "forms",
            "platform": null,
            "KUID": "dc8c2fe9d5d946da8286d0f6f4f5a90e"
        },
        "language": "js",
        "actions": [{
            "id": "INVOKE_FUNCTION__ide_onSelection_a41e2e09ae374a7f9dcd8118e9284f0b",
            "type": "INVOKE_FUNCTION",
            "sequenceKUID": "populateReturnDatesBasedOnDepartureDateSelected",
            "display": "populateReturnDatesBasedOnDepartureDateSelected",
            "inputparams": [],
            "callbackType": null,
            "disabled": null,
            "source": "controller"
        }]
    }
}