{
    "AS_Form_aea4c1763b8a468090df768ea599f43d": {
        "id": "AS_Form_aea4c1763b8a468090df768ea599f43d",
        "type": "ACTION_SEQUENCE",
        "params": [{
            "datatype": "collection",
            "name": "eventobject"
        }],
        "contextObj": {
            "name": "frmFlightBooking",
            "type": "forms",
            "platform": "",
            "KUID": "b72d0ef0ec164d21b3a4a299fafd7246"
        },
        "language": "js",
        "actions": [{
            "id": "INVOKE_FUNCTION___a7361425667c44a09f0f402e1f956e5b",
            "type": "INVOKE_FUNCTION",
            "sequenceKUID": "addAdultTravellers",
            "display": "addAdultTravellers",
            "inputparams": [],
            "parentId": null,
            "callbackType": null,
            "disabled": null,
            "source": "controller"
        }]
    }
}