{
    "AS_FlexContainer_f469ead82a3045d2a7b66e40d176f09f": {
        "id": "AS_FlexContainer_f469ead82a3045d2a7b66e40d176f09f",
        "type": "ACTION_SEQUENCE",
        "params": [{
            "datatype": "collection",
            "name": "eventobject"
        }],
        "language": "js",
        "actions": [{
            "id": "INVOKE_FUNCTION__ide_onClick_jcbb3f2ba28f41c0a5d2b11a3d5eff55",
            "type": "INVOKE_FUNCTION",
            "sequenceKUID": "addAdult",
            "display": "addAdult",
            "inputparams": [],
            "callbackType": null,
            "disabled": null,
            "source": "controller"
        }]
    }
}