{
    "AS_Form_ce4265f87ad14c2b802d81cf8e43db1c": {
        "id": "AS_Form_ce4265f87ad14c2b802d81cf8e43db1c",
        "type": "ACTION_SEQUENCE",
        "params": [{
            "datatype": "collection",
            "name": "eventobject"
        }],
        "contextObj": {
            "name": "frmFlightBooking",
            "type": "forms",
            "platform": "",
            "KUID": "b72d0ef0ec164d21b3a4a299fafd7246"
        },
        "language": "js",
        "actions": [{
            "id": "ADD_SNIPPET__b1b58c1d8b37479b8f69c932cffa946e",
            "type": "ADD_SNIPPET",
            "codeSnippet": "this.addAdultTravellers();\nthis.addChildTravellers();\nthis.addInfantTravellers();\n",
            "parentId": null,
            "callbackType": null
        }]
    }
}