{
    "AS_FlexContainer_ida4b401a1ba43b99bd9d3fbd98e9dbe": {
        "id": "AS_FlexContainer_ida4b401a1ba43b99bd9d3fbd98e9dbe",
        "type": "ACTION_SEQUENCE",
        "params": [{
            "datatype": "collection",
            "name": "eventobject"
        }],
        "contextObj": {
            "name": "frmFlightBooking",
            "type": "forms",
            "platform": "",
            "KUID": "b72d0ef0ec164d21b3a4a299fafd7246"
        },
        "language": "js",
        "actions": [{
            "id": "INVOKE_FUNCTION___d87863faeaef42c9bed02908b8ae7afe",
            "type": "INVOKE_FUNCTION",
            "sequenceKUID": "addAdult",
            "display": "addAdult",
            "inputparams": [],
            "parentId": null,
            "callbackType": null,
            "disabled": null,
            "source": "controller"
        }]
    }
}