{
    "AS_Image_eb908fb5deee483d9c582ba387276391": {
        "id": "AS_Image_eb908fb5deee483d9c582ba387276391",
        "type": "ACTION_SEQUENCE",
        "params": [{
            "datatype": "collection",
            "name": "eventobject"
        }, {
            "datatype": "string",
            "name": "x"
        }, {
            "datatype": "string",
            "name": "y"
        }],
        "contextObj": {
            "type": "forms",
            "platform": null,
            "KUID": "g3972f9485ef42a4bc88ce738495e7b0"
        },
        "language": "js",
        "actions": [{
            "id": "INVOKE_FUNCTION__ide_onTouchEnd_f46a127dfe644f3992bd3eb8731b5c77",
            "type": "INVOKE_FUNCTION",
            "sequenceKUID": "removeChildren",
            "display": "removeChildren",
            "inputparams": [],
            "callbackType": null,
            "disabled": null,
            "source": "controller"
        }]
    }
}