{
    "AS_Image_a938e5298a14415096ab45992507c64f": {
        "id": "AS_Image_a938e5298a14415096ab45992507c64f",
        "type": "ACTION_SEQUENCE",
        "params": [{
            "datatype": "collection",
            "name": "eventobject"
        }, {
            "datatype": "string",
            "name": "x"
        }, {
            "datatype": "string",
            "name": "y"
        }],
        "contextObj": {
            "name": "frmFlightDetails",
            "type": "forms",
            "platform": null,
            "KUID": "db2b2475b2804010af4e6f287758b741"
        },
        "language": "js",
        "actions": [{
            "id": "INVOKE_FUNCTION__ide_onTouchEnd_i8552ac5f4a24be6a33b749476e4d33e",
            "type": "INVOKE_FUNCTION",
            "sequenceKUID": "hideAirportSearch",
            "display": "hideAirportSearch",
            "inputparams": [],
            "callbackType": null,
            "disabled": null,
            "source": "controller"
        }]
    }
}