{
    "AS_Image_d6ed3e5a555a45ca85abe9e157b00c5b": {
        "id": "AS_Image_d6ed3e5a555a45ca85abe9e157b00c5b",
        "type": "ACTION_SEQUENCE",
        "params": [{
            "datatype": "collection",
            "name": "eventobject"
        }, {
            "datatype": "string",
            "name": "x"
        }, {
            "datatype": "string",
            "name": "y"
        }],
        "contextObj": {
            "name": "frmFindFlight",
            "type": "forms",
            "platform": "",
            "KUID": "fa23e89fcec0458ca189fb07a620f494"
        },
        "language": "js",
        "actions": [{
            "id": "ADD_SNIPPET__da423e05905e4f798f5853af451bf301",
            "type": "ADD_SNIPPET",
            "codeSnippet": "this.removeChildren();",
            "parentId": null
        }]
    }
}