{
    "AS_Image_h0ce59ab7f214288b6583cd68ae7eeea": {
        "id": "AS_Image_h0ce59ab7f214288b6583cd68ae7eeea",
        "type": "ACTION_SEQUENCE",
        "params": [{
            "datatype": "collection",
            "name": "eventobject"
        }, {
            "datatype": "string",
            "name": "x"
        }, {
            "datatype": "string",
            "name": "y"
        }],
        "contextObj": {
            "type": "forms",
            "platform": null,
            "KUID": "g3972f9485ef42a4bc88ce738495e7b0"
        },
        "language": "js",
        "actions": [{
            "id": "INVOKE_FUNCTION__ide_onTouchEnd_b2ba08de41c64ff4b447290f29e59f00",
            "type": "INVOKE_FUNCTION",
            "sequenceKUID": "removeInfants",
            "display": "removeInfants",
            "inputparams": [],
            "callbackType": null,
            "disabled": null,
            "source": "controller"
        }]
    }
}