{
    "AS_Image_b3fe035e1e8a4a47a79ad6cff36ca9ad": {
        "id": "AS_Image_b3fe035e1e8a4a47a79ad6cff36ca9ad",
        "type": "ACTION_SEQUENCE",
        "params": [{
            "datatype": "collection",
            "name": "eventobject"
        }, {
            "datatype": "string",
            "name": "x"
        }, {
            "datatype": "string",
            "name": "y"
        }],
        "contextObj": {
            "name": "frmFindFlight",
            "type": "forms",
            "platform": "",
            "KUID": "fa23e89fcec0458ca189fb07a620f494"
        },
        "language": "js",
        "actions": [{
            "id": "ADD_SNIPPET__fd9225c95d10494eb54c55dbe4082a1f",
            "type": "ADD_SNIPPET",
            "codeSnippet": "this.removeInfants();",
            "parentId": null,
            "callbackType": null
        }]
    }
}