{
    "AS_Image_bf13d874326a4e87b9cb9255d7db1e80": {
        "id": "AS_Image_bf13d874326a4e87b9cb9255d7db1e80",
        "type": "ACTION_SEQUENCE",
        "params": [{
            "datatype": "collection",
            "name": "eventobject"
        }, {
            "datatype": "string",
            "name": "x"
        }, {
            "datatype": "string",
            "name": "y"
        }],
        "contextObj": {
            "type": "forms",
            "platform": null,
            "KUID": "g3972f9485ef42a4bc88ce738495e7b0"
        },
        "language": "js",
        "actions": [{
            "id": "INVOKE_FUNCTION__ide_onTouchEnd_ea392dfd55a941309606cacf08d93a90",
            "type": "INVOKE_FUNCTION",
            "sequenceKUID": "hideAirportSearch",
            "display": "hideAirportSearch",
            "inputparams": [],
            "callbackType": null,
            "disabled": null,
            "source": "controller"
        }]
    }
}