{
    "AS_Image_bcd279590f5e4de893e9ffa3a0e22ca8": {
        "id": "AS_Image_bcd279590f5e4de893e9ffa3a0e22ca8",
        "type": "ACTION_SEQUENCE",
        "params": [{
            "datatype": "collection",
            "name": "eventobject"
        }, {
            "datatype": "string",
            "name": "x"
        }, {
            "datatype": "string",
            "name": "y"
        }],
        "contextObj": {
            "name": "frmFlightDetails",
            "type": "forms",
            "platform": null,
            "KUID": "db2b2475b2804010af4e6f287758b741"
        },
        "language": "js",
        "actions": [{
            "id": "INVOKE_FUNCTION__ide_onTouchEnd_h0347d3955ad4555beb6e0d6202560f1",
            "type": "INVOKE_FUNCTION",
            "sequenceKUID": "removeChildren",
            "display": "removeChildren",
            "inputparams": [],
            "callbackType": null,
            "disabled": null,
            "source": "controller"
        }]
    }
}