{
    "AS_Image_j7684a8a5ad44d32aa929d9e6a56a145": {
        "id": "AS_Image_j7684a8a5ad44d32aa929d9e6a56a145",
        "type": "ACTION_SEQUENCE",
        "params": [{
            "datatype": "collection",
            "name": "eventobject"
        }, {
            "datatype": "string",
            "name": "x"
        }, {
            "datatype": "string",
            "name": "y"
        }],
        "contextObj": {
            "type": "forms",
            "platform": null,
            "KUID": "dc8c2fe9d5d946da8286d0f6f4f5a90e"
        },
        "language": "js",
        "actions": [{
            "id": "INVOKE_FUNCTION__ide_onTouchEnd_ee11228ec4e34dc1a1fa83aad7ca34a6",
            "type": "INVOKE_FUNCTION",
            "sequenceKUID": "removeInfants",
            "display": "removeInfants",
            "inputparams": [],
            "callbackType": null,
            "disabled": null,
            "source": "controller"
        }]
    }
}