{
    "AS_Image_c3d7a2f673fe4a94b72f54377ac8738f": {
        "id": "AS_Image_c3d7a2f673fe4a94b72f54377ac8738f",
        "type": "ACTION_SEQUENCE",
        "params": [{
            "datatype": "collection",
            "name": "eventobject"
        }, {
            "datatype": "string",
            "name": "x"
        }, {
            "datatype": "string",
            "name": "y"
        }],
        "contextObj": {
            "type": "forms",
            "platform": null,
            "KUID": "dc8c2fe9d5d946da8286d0f6f4f5a90e"
        },
        "language": "js",
        "actions": [{
            "id": "INVOKE_FUNCTION__ide_onTouchEnd_e18f5f636b7241e88819a308dcf537d3",
            "type": "INVOKE_FUNCTION",
            "sequenceKUID": "hideAirportSearch",
            "display": "hideAirportSearch",
            "inputparams": [],
            "callbackType": null,
            "disabled": null,
            "source": "controller"
        }]
    }
}