{
    "AS_Image_b361ff64b3494ebdbe361faf309151c4": {
        "id": "AS_Image_b361ff64b3494ebdbe361faf309151c4",
        "type": "ACTION_SEQUENCE",
        "params": [{
            "datatype": "collection",
            "name": "eventobject"
        }, {
            "datatype": "string",
            "name": "x"
        }, {
            "datatype": "string",
            "name": "y"
        }],
        "contextObj": {
            "type": "forms",
            "platform": null,
            "KUID": "a87e598e068949b4b41ffccd1725e43b"
        },
        "language": "js",
        "actions": [{
            "id": "INVOKE_FUNCTION__ide_onTouchEnd_ba859a756b0441938b1e0acb6accae89",
            "type": "INVOKE_FUNCTION",
            "sequenceKUID": "removeChildren",
            "display": "removeChildren",
            "inputparams": [],
            "callbackType": null,
            "disabled": null,
            "source": "controller"
        }]
    }
}