{
    "AS_Image_eed28d91266c4945bae3f5ef562ef0ef": {
        "id": "AS_Image_eed28d91266c4945bae3f5ef562ef0ef",
        "type": "ACTION_SEQUENCE",
        "params": [{
            "datatype": "collection",
            "name": "eventobject"
        }, {
            "datatype": "string",
            "name": "x"
        }, {
            "datatype": "string",
            "name": "y"
        }],
        "contextObj": {
            "type": "forms",
            "platform": null,
            "KUID": "a87e598e068949b4b41ffccd1725e43b"
        },
        "language": "js",
        "actions": [{
            "id": "INVOKE_FUNCTION__ide_onTouchEnd_a86016bf94f04d62bcb8715529845fda",
            "type": "INVOKE_FUNCTION",
            "sequenceKUID": "hideAirportSearch",
            "display": "hideAirportSearch",
            "inputparams": [],
            "callbackType": null,
            "disabled": null,
            "source": "controller"
        }]
    }
}