{
    "AS_Image_bdf9f362dc4243b193aea08d6645dfcc": {
        "id": "AS_Image_bdf9f362dc4243b193aea08d6645dfcc",
        "type": "ACTION_SEQUENCE",
        "params": [{
            "datatype": "collection",
            "name": "eventobject"
        }, {
            "datatype": "string",
            "name": "x"
        }, {
            "datatype": "string",
            "name": "y"
        }],
        "contextObj": {
            "name": "frmFindFlight",
            "type": "forms",
            "platform": "",
            "KUID": "fa23e89fcec0458ca189fb07a620f494"
        },
        "language": "js",
        "actions": [{
            "id": "ADD_SNIPPET__bc7634b0935c4f94a7e76c3ce64addd4",
            "type": "ADD_SNIPPET",
            "codeSnippet": "this.hideAirportSearch();",
            "parentId": null,
            "callbackType": null
        }]
    }
}