{
    "AS_Image_a59365a03d754236830ec7c331f46590": {
        "id": "AS_Image_a59365a03d754236830ec7c331f46590",
        "type": "ACTION_SEQUENCE",
        "params": [{
            "datatype": "collection",
            "name": "eventobject"
        }, {
            "datatype": "string",
            "name": "x"
        }, {
            "datatype": "string",
            "name": "y"
        }],
        "contextObj": {
            "type": "forms",
            "platform": null,
            "KUID": "dc8c2fe9d5d946da8286d0f6f4f5a90e"
        },
        "language": "js",
        "actions": [{
            "id": "INVOKE_FUNCTION__ide_onTouchEnd_adee516a3457403abd8a28a15c5fb89e",
            "type": "INVOKE_FUNCTION",
            "sequenceKUID": "removeChildren",
            "display": "removeChildren",
            "inputparams": [],
            "callbackType": null,
            "disabled": null,
            "source": "controller"
        }]
    }
}