{
    "AS_Image_c35c84ea5e6b41a799a384603031a104": {
        "id": "AS_Image_c35c84ea5e6b41a799a384603031a104",
        "type": "ACTION_SEQUENCE",
        "params": [{
            "datatype": "collection",
            "name": "eventobject"
        }, {
            "datatype": "string",
            "name": "x"
        }, {
            "datatype": "string",
            "name": "y"
        }],
        "contextObj": {
            "name": "frmFlightDetails",
            "type": "forms",
            "platform": null,
            "KUID": "db2b2475b2804010af4e6f287758b741"
        },
        "language": "js",
        "actions": [{
            "id": "INVOKE_FUNCTION__ide_onTouchEnd_b26f0fe1742443029bf02c19916119fd",
            "type": "INVOKE_FUNCTION",
            "sequenceKUID": "removeInfants",
            "display": "removeInfants",
            "inputparams": [],
            "callbackType": null,
            "disabled": null,
            "source": "controller"
        }]
    }
}