{
    "AS_Image_b3b5333f928542498d96ee12f5267149": {
        "id": "AS_Image_b3b5333f928542498d96ee12f5267149",
        "type": "ACTION_SEQUENCE",
        "params": [{
            "datatype": "collection",
            "name": "eventobject"
        }, {
            "datatype": "string",
            "name": "x"
        }, {
            "datatype": "string",
            "name": "y"
        }],
        "contextObj": {
            "type": "forms",
            "platform": null,
            "KUID": "a87e598e068949b4b41ffccd1725e43b"
        },
        "language": "js",
        "actions": [{
            "id": "INVOKE_FUNCTION__ide_onTouchEnd_d799c80636474a5384fa7a47dea910a8",
            "type": "INVOKE_FUNCTION",
            "sequenceKUID": "removeInfants",
            "display": "removeInfants",
            "inputparams": [],
            "callbackType": null,
            "disabled": null,
            "source": "controller"
        }]
    }
}