{
    "AS_Label_a5d94a48e32641c3ab942e21a276c0e9": {
        "id": "AS_Label_a5d94a48e32641c3ab942e21a276c0e9",
        "type": "ACTION_SEQUENCE",
        "params": [{
            "datatype": "collection",
            "name": "eventobject"
        }, {
            "datatype": "string",
            "name": "x"
        }, {
            "datatype": "string",
            "name": "y"
        }],
        "contextObj": {
            "name": "frmFlightDetails",
            "type": "forms",
            "platform": null,
            "KUID": "db2b2475b2804010af4e6f287758b741"
        },
        "language": "js",
        "actions": [{
            "id": "INVOKE_FUNCTION__ide_onTouchEnd_e8843b6403cb4466a92cb0e13b5bf298",
            "type": "INVOKE_FUNCTION",
            "sequenceKUID": "showNumberOfPassengersSelectionLayer",
            "display": "showNumberOfPassengersSelectionLayer",
            "inputparams": [],
            "callbackType": null,
            "disabled": null,
            "source": "controller"
        }]
    }
}