{
    "AS_Label_a681474f597943458533e3eaaeee6c2c": {
        "id": "AS_Label_a681474f597943458533e3eaaeee6c2c",
        "type": "ACTION_SEQUENCE",
        "params": [{
            "datatype": "collection",
            "name": "eventobject"
        }, {
            "datatype": "string",
            "name": "x"
        }, {
            "datatype": "string",
            "name": "y"
        }],
        "contextObj": {
            "type": "forms",
            "platform": null,
            "KUID": "dc8c2fe9d5d946da8286d0f6f4f5a90e"
        },
        "language": "js",
        "actions": [{
            "id": "INVOKE_FUNCTION__ide_onTouchEnd_f161716925514b6fb00b53ac2f353548",
            "type": "INVOKE_FUNCTION",
            "sequenceKUID": "showAirportSearch",
            "display": "showAirportSearch",
            "inputparams": [],
            "callbackType": null,
            "disabled": null,
            "source": "controller"
        }]
    }
}