{
    "AS_Label_c65a2026b21d4e76bd0b18848c1d2bcf": {
        "id": "AS_Label_c65a2026b21d4e76bd0b18848c1d2bcf",
        "type": "ACTION_SEQUENCE",
        "params": [{
            "datatype": "collection",
            "name": "eventobject"
        }, {
            "datatype": "string",
            "name": "x"
        }, {
            "datatype": "string",
            "name": "y"
        }],
        "contextObj": {
            "name": "frmFindFlight",
            "type": "forms",
            "platform": "",
            "KUID": "fa23e89fcec0458ca189fb07a620f494"
        },
        "language": "js",
        "actions": [{
            "id": "ADD_SNIPPET__b05af1ec4b0c4c478b6e44c2f664bee7",
            "type": "ADD_SNIPPET",
            "codeSnippet": "this.onAdultSelection(eventobject);",
            "parentId": null
        }]
    }
}