{
    "AS_Label_c7117a9cd6fe4c37bf484df1caec252f": {
        "id": "AS_Label_c7117a9cd6fe4c37bf484df1caec252f",
        "type": "ACTION_SEQUENCE",
        "params": [{
            "datatype": "collection",
            "name": "eventobject"
        }, {
            "datatype": "string",
            "name": "x"
        }, {
            "datatype": "string",
            "name": "y"
        }],
        "contextObj": {
            "type": "forms",
            "platform": null,
            "KUID": "g3972f9485ef42a4bc88ce738495e7b0"
        },
        "language": "js",
        "actions": [{
            "id": "INVOKE_FUNCTION__ide_onTouchEnd_ia6a51d661524150b483a00ee3a76114",
            "type": "INVOKE_FUNCTION",
            "sequenceKUID": "showAirportSearch",
            "display": "showAirportSearch",
            "inputparams": [],
            "callbackType": null,
            "disabled": null,
            "source": "controller"
        }]
    }
}