{
    "AS_Label_aa3c10b4c446414c84d330082a1d21bf": {
        "id": "AS_Label_aa3c10b4c446414c84d330082a1d21bf",
        "type": "ACTION_SEQUENCE",
        "params": [{
            "datatype": "collection",
            "name": "eventobject"
        }, {
            "datatype": "string",
            "name": "x"
        }, {
            "datatype": "string",
            "name": "y"
        }],
        "contextObj": {
            "type": "forms",
            "platform": null,
            "KUID": "dc8c2fe9d5d946da8286d0f6f4f5a90e"
        },
        "language": "js",
        "actions": [{
            "id": "INVOKE_FUNCTION__ide_onTouchEnd_f22610434d1940b383483404dca1791b",
            "type": "INVOKE_FUNCTION",
            "sequenceKUID": "onAdultSelection",
            "display": "onAdultSelection",
            "inputparams": [],
            "callbackType": null,
            "disabled": null,
            "source": "controller"
        }]
    }
}