{
    "AS_Label_fb317e5fe9534c269ca36ba666bec5ed": {
        "id": "AS_Label_fb317e5fe9534c269ca36ba666bec5ed",
        "type": "ACTION_SEQUENCE",
        "params": [{
            "datatype": "collection",
            "name": "eventobject"
        }, {
            "datatype": "string",
            "name": "x"
        }, {
            "datatype": "string",
            "name": "y"
        }],
        "contextObj": {
            "name": "frmFindFlight",
            "type": "forms",
            "platform": "",
            "KUID": "fa23e89fcec0458ca189fb07a620f494"
        },
        "language": "js",
        "actions": [{
            "id": "ADD_SNIPPET__c8f88f1960804b29bffbe9250bcb362a",
            "type": "ADD_SNIPPET",
            "codeSnippet": "this.onInfantsSelection(eventobject);",
            "parentId": null
        }]
    }
}