{
    "AS_Label_cc7d3828187d491c80ba3c2aae1f2157": {
        "id": "AS_Label_cc7d3828187d491c80ba3c2aae1f2157",
        "type": "ACTION_SEQUENCE",
        "params": [{
            "datatype": "collection",
            "name": "eventobject"
        }, {
            "datatype": "string",
            "name": "x"
        }, {
            "datatype": "string",
            "name": "y"
        }],
        "contextObj": {
            "type": "forms",
            "platform": null,
            "KUID": "dc8c2fe9d5d946da8286d0f6f4f5a90e"
        },
        "language": "js",
        "actions": [{
            "id": "INVOKE_FUNCTION__ide_onTouchEnd_d6d56dff630a4239ae5b7a55e2e07827",
            "type": "INVOKE_FUNCTION",
            "sequenceKUID": "showAirportSearch",
            "display": "showAirportSearch",
            "inputparams": [],
            "callbackType": null,
            "disabled": null,
            "source": "controller"
        }]
    }
}