{
    "AS_Label_ec8cc03585ca49f1ac82ff8363b25918": {
        "id": "AS_Label_ec8cc03585ca49f1ac82ff8363b25918",
        "type": "ACTION_SEQUENCE",
        "params": [{
            "datatype": "collection",
            "name": "eventobject"
        }, {
            "datatype": "string",
            "name": "x"
        }, {
            "datatype": "string",
            "name": "y"
        }],
        "contextObj": {
            "type": "forms",
            "platform": null,
            "KUID": "g3972f9485ef42a4bc88ce738495e7b0"
        },
        "language": "js",
        "actions": [{
            "id": "INVOKE_FUNCTION__ide_onTouchEnd_j98b736d349b4818bb35cd6fbb375615",
            "type": "INVOKE_FUNCTION",
            "sequenceKUID": "onInfantsSelection",
            "display": "onInfantsSelection",
            "inputparams": [],
            "callbackType": null,
            "disabled": null,
            "source": "controller"
        }]
    }
}