{
    "AS_Label_b5605641489b4c76800849fd659d4a46": {
        "id": "AS_Label_b5605641489b4c76800849fd659d4a46",
        "type": "ACTION_SEQUENCE",
        "params": [{
            "datatype": "collection",
            "name": "eventobject"
        }, {
            "datatype": "string",
            "name": "x"
        }, {
            "datatype": "string",
            "name": "y"
        }],
        "contextObj": {
            "name": "frmFindFlight",
            "type": "forms",
            "platform": "",
            "KUID": "fa23e89fcec0458ca189fb07a620f494"
        },
        "language": "js",
        "actions": [{
            "id": "ADD_SNIPPET__cb4e0009272f4ebcb7b438c76423d87e",
            "type": "ADD_SNIPPET",
            "codeSnippet": "this.showNumberOfPassengersSelectionLayer();",
            "parentId": null,
            "callbackType": null
        }]
    }
}