{
    "AS_Label_he0b990e73c34d7abd6d8bef9f555ce0": {
        "id": "AS_Label_he0b990e73c34d7abd6d8bef9f555ce0",
        "type": "ACTION_SEQUENCE",
        "params": [{
            "datatype": "collection",
            "name": "eventobject"
        }, {
            "datatype": "string",
            "name": "x"
        }, {
            "datatype": "string",
            "name": "y"
        }],
        "contextObj": {
            "type": "forms",
            "platform": null,
            "KUID": "dc8c2fe9d5d946da8286d0f6f4f5a90e"
        },
        "language": "js",
        "actions": [{
            "id": "INVOKE_FUNCTION__ide_onTouchEnd_f64af917b7aa435f844f5ff5f05b29f3",
            "type": "INVOKE_FUNCTION",
            "sequenceKUID": "onInfantsSelection",
            "display": "onInfantsSelection",
            "inputparams": [],
            "callbackType": null,
            "disabled": null,
            "source": "controller"
        }]
    }
}