{
    "AS_Label_a265a27688c947728688fb0b8f0aa829": {
        "id": "AS_Label_a265a27688c947728688fb0b8f0aa829",
        "type": "ACTION_SEQUENCE",
        "params": [{
            "datatype": "collection",
            "name": "eventobject"
        }, {
            "datatype": "string",
            "name": "x"
        }, {
            "datatype": "string",
            "name": "y"
        }],
        "contextObj": {
            "name": "frmFindFlight",
            "type": "forms",
            "platform": "",
            "KUID": "fa23e89fcec0458ca189fb07a620f494"
        },
        "language": "js",
        "actions": [{
            "id": "ADD_SNIPPET__d1c3ebba7a66432e8e733ed030f47646",
            "type": "ADD_SNIPPET",
            "codeSnippet": "this.onAdultSelection(eventobject);",
            "parentId": null,
            "callbackType": null
        }]
    }
}