{
    "AS_Label_dcf770ee958c43f793ea59d1101c85d5": {
        "id": "AS_Label_dcf770ee958c43f793ea59d1101c85d5",
        "type": "ACTION_SEQUENCE",
        "params": [{
            "datatype": "collection",
            "name": "eventobject"
        }, {
            "datatype": "string",
            "name": "x"
        }, {
            "datatype": "string",
            "name": "y"
        }],
        "contextObj": {
            "name": "frmFindFlight",
            "type": "forms",
            "platform": "",
            "KUID": "fa23e89fcec0458ca189fb07a620f494"
        },
        "language": "js",
        "actions": [{
            "id": "ADD_SNIPPET__ec801b3a7cbd451a90521d0f3369cf6c",
            "type": "ADD_SNIPPET",
            "codeSnippet": "this.onInfantsSelection(eventobject);",
            "parentId": null
        }]
    }
}