{
    "AS_Label_e40bed9ca6c54e18a3a5155f894f81cc": {
        "id": "AS_Label_e40bed9ca6c54e18a3a5155f894f81cc",
        "type": "ACTION_SEQUENCE",
        "params": [{
            "datatype": "collection",
            "name": "eventobject"
        }, {
            "datatype": "string",
            "name": "x"
        }, {
            "datatype": "string",
            "name": "y"
        }],
        "contextObj": {
            "name": "frmFindFlight",
            "type": "forms",
            "platform": "",
            "KUID": "fa23e89fcec0458ca189fb07a620f494"
        },
        "language": "js",
        "actions": [{
            "id": "ADD_SNIPPET__f120709129a6488e8f095b828724c052",
            "type": "ADD_SNIPPET",
            "codeSnippet": "this.onAdultSelection(eventobject);",
            "parentId": null
        }]
    }
}