{
    "AS_Label_b748dcee7aba44dfbf297f931418a0f1": {
        "id": "AS_Label_b748dcee7aba44dfbf297f931418a0f1",
        "type": "ACTION_SEQUENCE",
        "params": [{
            "datatype": "collection",
            "name": "eventobject"
        }, {
            "datatype": "string",
            "name": "x"
        }, {
            "datatype": "string",
            "name": "y"
        }],
        "contextObj": {
            "type": "forms",
            "platform": null,
            "KUID": "a87e598e068949b4b41ffccd1725e43b"
        },
        "language": "js",
        "actions": [{
            "id": "INVOKE_FUNCTION__ide_onTouchEnd_a72b746acb4c4a0496452337ffa974a7",
            "type": "INVOKE_FUNCTION",
            "sequenceKUID": "onInfantsSelection",
            "display": "onInfantsSelection",
            "inputparams": [],
            "callbackType": null,
            "disabled": null,
            "source": "controller"
        }]
    }
}