{
    "AS_Label_b60a5d66047541d1a746534cfb033cdc": {
        "id": "AS_Label_b60a5d66047541d1a746534cfb033cdc",
        "type": "ACTION_SEQUENCE",
        "params": [{
            "datatype": "collection",
            "name": "eventobject"
        }, {
            "datatype": "string",
            "name": "x"
        }, {
            "datatype": "string",
            "name": "y"
        }],
        "contextObj": {
            "name": "frmFindFlight",
            "type": "forms",
            "platform": "",
            "KUID": "fa23e89fcec0458ca189fb07a620f494"
        },
        "language": "js",
        "actions": [{
            "id": "ADD_SNIPPET__id0d9d7e80df4731885136532d501b20",
            "type": "ADD_SNIPPET",
            "codeSnippet": "this.onInfantsSelection(eventobject);",
            "parentId": null
        }]
    }
}