{
    "AS_Label_b6671c2180ca413197db22ae23cc81bb": {
        "id": "AS_Label_b6671c2180ca413197db22ae23cc81bb",
        "type": "ACTION_SEQUENCE",
        "params": [{
            "datatype": "collection",
            "name": "eventobject"
        }, {
            "datatype": "string",
            "name": "x"
        }, {
            "datatype": "string",
            "name": "y"
        }],
        "contextObj": {
            "name": "frmFlightDetails",
            "type": "forms",
            "platform": null,
            "KUID": "db2b2475b2804010af4e6f287758b741"
        },
        "language": "js",
        "actions": [{
            "id": "INVOKE_FUNCTION__ide_onTouchEnd_bfbad0e1354a441886f0b0f5fc61e3fa",
            "type": "INVOKE_FUNCTION",
            "sequenceKUID": "onInfantsSelection",
            "display": "onInfantsSelection",
            "inputparams": [],
            "callbackType": null,
            "disabled": null,
            "source": "controller"
        }]
    }
}