{
    "AS_Label_g04bf2d5aa9245dc94b7aa316a2144e8": {
        "id": "AS_Label_g04bf2d5aa9245dc94b7aa316a2144e8",
        "type": "ACTION_SEQUENCE",
        "params": [{
            "datatype": "collection",
            "name": "eventobject"
        }, {
            "datatype": "string",
            "name": "x"
        }, {
            "datatype": "string",
            "name": "y"
        }],
        "contextObj": {
            "type": "forms",
            "platform": null,
            "KUID": "dc8c2fe9d5d946da8286d0f6f4f5a90e"
        },
        "language": "js",
        "actions": [{
            "id": "INVOKE_FUNCTION__ide_onTouchEnd_iae75797b3354788af4f5c9344b08230",
            "type": "INVOKE_FUNCTION",
            "sequenceKUID": "onChildrenSelection",
            "display": "onChildrenSelection",
            "inputparams": [],
            "callbackType": null,
            "disabled": null,
            "source": "controller"
        }]
    }
}