{
    "AS_Label_c7b21e2c90d647ad91342603cd2a8c5b": {
        "id": "AS_Label_c7b21e2c90d647ad91342603cd2a8c5b",
        "type": "ACTION_SEQUENCE",
        "params": [{
            "datatype": "collection",
            "name": "eventobject"
        }, {
            "datatype": "string",
            "name": "x"
        }, {
            "datatype": "string",
            "name": "y"
        }],
        "contextObj": {
            "name": "frmFlightDetails",
            "type": "forms",
            "platform": null,
            "KUID": "db2b2475b2804010af4e6f287758b741"
        },
        "language": "js",
        "actions": [{
            "id": "INVOKE_FUNCTION__ide_onTouchEnd_e6929e6ddc0a4817be2b4c93a156575f",
            "type": "INVOKE_FUNCTION",
            "sequenceKUID": "showAirportSearch",
            "display": "showAirportSearch",
            "inputparams": [],
            "callbackType": null,
            "disabled": null,
            "source": "controller"
        }]
    }
}