{
    "AS_Label_ja9d094c734147b9a7514f1fcebc7876": {
        "id": "AS_Label_ja9d094c734147b9a7514f1fcebc7876",
        "type": "ACTION_SEQUENCE",
        "params": [{
            "datatype": "collection",
            "name": "eventobject"
        }, {
            "datatype": "string",
            "name": "x"
        }, {
            "datatype": "string",
            "name": "y"
        }],
        "contextObj": {
            "type": "forms",
            "platform": null,
            "KUID": "dc8c2fe9d5d946da8286d0f6f4f5a90e"
        },
        "language": "js",
        "actions": [{
            "id": "INVOKE_FUNCTION__ide_onTouchEnd_j840cd8a13884694a8f0697919c7934d",
            "type": "INVOKE_FUNCTION",
            "sequenceKUID": "onChildrenSelection",
            "display": "onChildrenSelection",
            "inputparams": [],
            "callbackType": null,
            "disabled": null,
            "source": "controller"
        }]
    }
}