{
    "AS_Label_d681088237c84b84baa315fbc3929de1": {
        "id": "AS_Label_d681088237c84b84baa315fbc3929de1",
        "type": "ACTION_SEQUENCE",
        "params": [{
            "datatype": "collection",
            "name": "eventobject"
        }, {
            "datatype": "string",
            "name": "x"
        }, {
            "datatype": "string",
            "name": "y"
        }],
        "contextObj": {
            "name": "frmFindFlight",
            "type": "forms",
            "platform": "",
            "KUID": "fa23e89fcec0458ca189fb07a620f494"
        },
        "language": "js",
        "actions": [{
            "id": "ADD_SNIPPET__jc6eaa6ba8694b2aab76be0b4b941028",
            "type": "ADD_SNIPPET",
            "codeSnippet": "this.onAdultSelection(eventobject);",
            "parentId": null
        }]
    }
}