{
    "AS_Label_a9335b7286a94716b41fc350ddbcc68f": {
        "id": "AS_Label_a9335b7286a94716b41fc350ddbcc68f",
        "type": "ACTION_SEQUENCE",
        "params": [{
            "datatype": "collection",
            "name": "eventobject"
        }, {
            "datatype": "string",
            "name": "x"
        }, {
            "datatype": "string",
            "name": "y"
        }],
        "contextObj": {
            "name": "frmFindFlight",
            "type": "forms",
            "platform": "",
            "KUID": "fa23e89fcec0458ca189fb07a620f494"
        },
        "language": "js",
        "actions": [{
            "id": "ADD_SNIPPET__d4a61a3fcb0b45728b52229d9bea6d2f",
            "type": "ADD_SNIPPET",
            "codeSnippet": "this.onChildrenSelection(eventobject);",
            "parentId": null,
            "callbackType": null
        }]
    }
}