{
    "AS_Label_ad6fac83db8c4981ba80f7c318187c59": {
        "id": "AS_Label_ad6fac83db8c4981ba80f7c318187c59",
        "type": "ACTION_SEQUENCE",
        "params": [{
            "datatype": "collection",
            "name": "eventobject"
        }, {
            "datatype": "string",
            "name": "x"
        }, {
            "datatype": "string",
            "name": "y"
        }],
        "contextObj": {
            "type": "forms",
            "platform": null,
            "KUID": "g3972f9485ef42a4bc88ce738495e7b0"
        },
        "language": "js",
        "actions": [{
            "id": "INVOKE_FUNCTION__ide_onTouchEnd_e4fb36c93324433a8e6537014fa4e49d",
            "type": "INVOKE_FUNCTION",
            "sequenceKUID": "onAdultSelection",
            "display": "onAdultSelection",
            "inputparams": [],
            "callbackType": null,
            "disabled": null,
            "source": "controller"
        }]
    }
}