{
    "AS_Label_c7169ad8b13842a5a704bdd12094acaa": {
        "id": "AS_Label_c7169ad8b13842a5a704bdd12094acaa",
        "type": "ACTION_SEQUENCE",
        "params": [{
            "datatype": "collection",
            "name": "eventobject"
        }, {
            "datatype": "string",
            "name": "x"
        }, {
            "datatype": "string",
            "name": "y"
        }],
        "contextObj": {
            "name": "frmFindFlight",
            "type": "forms",
            "platform": "",
            "KUID": "fa23e89fcec0458ca189fb07a620f494"
        },
        "language": "js",
        "actions": [{
            "id": "ADD_SNIPPET__be14a1d4fc834770b6d156e6a7cff8dc",
            "type": "ADD_SNIPPET",
            "codeSnippet": "this.onChildrenSelection(eventobject);",
            "parentId": null
        }]
    }
}