{
    "AS_Label_hfeaea141e8f4a81b75346fa78b1843e": {
        "id": "AS_Label_hfeaea141e8f4a81b75346fa78b1843e",
        "type": "ACTION_SEQUENCE",
        "params": [{
            "datatype": "collection",
            "name": "eventobject"
        }, {
            "datatype": "string",
            "name": "x"
        }, {
            "datatype": "string",
            "name": "y"
        }],
        "contextObj": {
            "name": "frmFindFlight",
            "type": "forms",
            "platform": "",
            "KUID": "fa23e89fcec0458ca189fb07a620f494"
        },
        "language": "js",
        "actions": [{
            "id": "ADD_SNIPPET__d3f3b7c09016483ba17f283a29662725",
            "type": "ADD_SNIPPET",
            "codeSnippet": "this.showAirportSearch(eventobject);",
            "parentId": null
        }]
    }
}