{
    "AS_Label_e3520147edb64466968322fa0fedd715": {
        "id": "AS_Label_e3520147edb64466968322fa0fedd715",
        "type": "ACTION_SEQUENCE",
        "params": [{
            "datatype": "collection",
            "name": "eventobject"
        }, {
            "datatype": "string",
            "name": "x"
        }, {
            "datatype": "string",
            "name": "y"
        }],
        "contextObj": {
            "type": "forms",
            "platform": null,
            "KUID": "dc8c2fe9d5d946da8286d0f6f4f5a90e"
        },
        "language": "js",
        "actions": [{
            "id": "INVOKE_FUNCTION__ide_onTouchEnd_b30992d8b10144928bb045f3cbfd740e",
            "type": "INVOKE_FUNCTION",
            "sequenceKUID": "showNumberOfPassengersSelectionLayer",
            "display": "showNumberOfPassengersSelectionLayer",
            "inputparams": [],
            "callbackType": null,
            "disabled": null,
            "source": "controller"
        }]
    }
}