{
    "AS_Label_b102b48c12b84dce9f35bfa67a565886": {
        "id": "AS_Label_b102b48c12b84dce9f35bfa67a565886",
        "type": "ACTION_SEQUENCE",
        "params": [{
            "datatype": "collection",
            "name": "eventobject"
        }, {
            "datatype": "string",
            "name": "x"
        }, {
            "datatype": "string",
            "name": "y"
        }],
        "contextObj": {
            "name": "frmFindFlight",
            "type": "forms",
            "platform": "",
            "KUID": "fa23e89fcec0458ca189fb07a620f494"
        },
        "language": "js",
        "actions": [{
            "id": "ADD_SNIPPET__g00086ea02684241912ac8859132e8e4",
            "type": "ADD_SNIPPET",
            "codeSnippet": "this.onChildrenSelection(eventobject);",
            "parentId": null
        }]
    }
}