{
    "AS_Label_a18620ec07514ae5afcf693fee26c046": {
        "id": "AS_Label_a18620ec07514ae5afcf693fee26c046",
        "type": "ACTION_SEQUENCE",
        "params": [{
            "datatype": "collection",
            "name": "eventobject"
        }, {
            "datatype": "string",
            "name": "x"
        }, {
            "datatype": "string",
            "name": "y"
        }],
        "contextObj": {
            "type": "forms",
            "platform": null,
            "KUID": "g3972f9485ef42a4bc88ce738495e7b0"
        },
        "language": "js",
        "actions": [{
            "id": "INVOKE_FUNCTION__ide_onTouchEnd_fd905af320b042e0b862e76eee92f383",
            "type": "INVOKE_FUNCTION",
            "sequenceKUID": "onAdultSelection",
            "display": "onAdultSelection",
            "inputparams": [],
            "callbackType": null,
            "disabled": null,
            "source": "controller"
        }]
    }
}