{
    "AS_Label_b84ba95e3c3549ecb9a138c3f6685daa": {
        "id": "AS_Label_b84ba95e3c3549ecb9a138c3f6685daa",
        "type": "ACTION_SEQUENCE",
        "params": [{
            "datatype": "collection",
            "name": "eventobject"
        }, {
            "datatype": "string",
            "name": "x"
        }, {
            "datatype": "string",
            "name": "y"
        }],
        "contextObj": {
            "type": "forms",
            "platform": null,
            "KUID": "g3972f9485ef42a4bc88ce738495e7b0"
        },
        "language": "js",
        "actions": [{
            "id": "INVOKE_FUNCTION__ide_onTouchEnd_b80ee6fb11394d2bb78e956d4bf2918d",
            "type": "INVOKE_FUNCTION",
            "sequenceKUID": "showNumberOfPassengersSelectionLayer",
            "display": "showNumberOfPassengersSelectionLayer",
            "inputparams": [],
            "callbackType": null,
            "disabled": null,
            "source": "controller"
        }]
    }
}