{
    "AS_Label_d80fb6a4c32541b383fceac7933e01dc": {
        "id": "AS_Label_d80fb6a4c32541b383fceac7933e01dc",
        "type": "ACTION_SEQUENCE",
        "params": [{
            "datatype": "collection",
            "name": "eventobject"
        }, {
            "datatype": "string",
            "name": "x"
        }, {
            "datatype": "string",
            "name": "y"
        }],
        "contextObj": {
            "type": "forms",
            "platform": null,
            "KUID": "a87e598e068949b4b41ffccd1725e43b"
        },
        "language": "js",
        "actions": [{
            "id": "INVOKE_FUNCTION__ide_onTouchEnd_jc8f434b6da04686b394874ec88d7554",
            "type": "INVOKE_FUNCTION",
            "sequenceKUID": "showAirportSearch",
            "display": "showAirportSearch",
            "inputparams": [],
            "callbackType": null,
            "disabled": null,
            "source": "controller"
        }]
    }
}