{
    "AS_Label_hf1fe2b8db2d4e08971c077e10bae909": {
        "id": "AS_Label_hf1fe2b8db2d4e08971c077e10bae909",
        "type": "ACTION_SEQUENCE",
        "params": [{
            "datatype": "collection",
            "name": "eventobject"
        }, {
            "datatype": "string",
            "name": "x"
        }, {
            "datatype": "string",
            "name": "y"
        }],
        "contextObj": {
            "type": "forms",
            "platform": null,
            "KUID": "dc8c2fe9d5d946da8286d0f6f4f5a90e"
        },
        "language": "js",
        "actions": [{
            "id": "INVOKE_FUNCTION__ide_onTouchEnd_j8274c3f06bd47fcbe2709f2d5280705",
            "type": "INVOKE_FUNCTION",
            "sequenceKUID": "onChildrenSelection",
            "display": "onChildrenSelection",
            "inputparams": [],
            "callbackType": null,
            "disabled": null,
            "source": "controller"
        }]
    }
}