{
    "AS_Label_ga64d588da0d47c1a2fa51b45e41ae94": {
        "id": "AS_Label_ga64d588da0d47c1a2fa51b45e41ae94",
        "type": "ACTION_SEQUENCE",
        "params": [{
            "datatype": "collection",
            "name": "eventobject"
        }, {
            "datatype": "string",
            "name": "x"
        }, {
            "datatype": "string",
            "name": "y"
        }],
        "contextObj": {
            "name": "frmFlightDetails",
            "type": "forms",
            "platform": null,
            "KUID": "db2b2475b2804010af4e6f287758b741"
        },
        "language": "js",
        "actions": [{
            "id": "INVOKE_FUNCTION__ide_onTouchEnd_c1e4aa93d8484e7fba119864a40abbfc",
            "type": "INVOKE_FUNCTION",
            "sequenceKUID": "onAdultSelection",
            "display": "onAdultSelection",
            "inputparams": [],
            "callbackType": null,
            "disabled": null,
            "source": "controller"
        }]
    }
}