{
    "AS_Label_b46895a5373c420792d3323868af4ff1": {
        "id": "AS_Label_b46895a5373c420792d3323868af4ff1",
        "type": "ACTION_SEQUENCE",
        "params": [{
            "datatype": "collection",
            "name": "eventobject"
        }, {
            "datatype": "string",
            "name": "x"
        }, {
            "datatype": "string",
            "name": "y"
        }],
        "contextObj": {
            "type": "forms",
            "platform": null,
            "KUID": "g3972f9485ef42a4bc88ce738495e7b0"
        },
        "language": "js",
        "actions": [{
            "id": "INVOKE_FUNCTION__ide_onTouchEnd_deab9b35e9884989a6a6cf67f57d3e5c",
            "type": "INVOKE_FUNCTION",
            "sequenceKUID": "onInfantsSelection",
            "display": "onInfantsSelection",
            "inputparams": [],
            "callbackType": null,
            "disabled": null,
            "source": "controller"
        }]
    }
}