{
    "AS_Label_f487e3ae9fbe4e9dbe6bbb23138e1884": {
        "id": "AS_Label_f487e3ae9fbe4e9dbe6bbb23138e1884",
        "type": "ACTION_SEQUENCE",
        "params": [{
            "datatype": "collection",
            "name": "eventobject"
        }, {
            "datatype": "string",
            "name": "x"
        }, {
            "datatype": "string",
            "name": "y"
        }],
        "contextObj": {
            "name": "frmFindFlight",
            "type": "forms",
            "platform": "",
            "KUID": "fa23e89fcec0458ca189fb07a620f494"
        },
        "language": "js",
        "actions": [{
            "id": "ADD_SNIPPET__jbe82b34e4f24a43831c519269d78e10",
            "type": "ADD_SNIPPET",
            "codeSnippet": "this.showAirportSearch(eventobject);",
            "parentId": null,
            "callbackType": null
        }]
    }
}