{
    "AS_Label_c4e429d174d54aa09c8166f29a801221": {
        "id": "AS_Label_c4e429d174d54aa09c8166f29a801221",
        "type": "ACTION_SEQUENCE",
        "params": [{
            "datatype": "collection",
            "name": "eventobject"
        }, {
            "datatype": "string",
            "name": "x"
        }, {
            "datatype": "string",
            "name": "y"
        }],
        "contextObj": {
            "name": "frmFindFlight",
            "type": "forms",
            "platform": "",
            "KUID": "fa23e89fcec0458ca189fb07a620f494"
        },
        "language": "js",
        "actions": [{
            "id": "ADD_SNIPPET__e8f85906ea6047d1b7c4e0d36bea2844",
            "type": "ADD_SNIPPET",
            "codeSnippet": "this.onAdultSelection(eventobject);",
            "parentId": null
        }]
    }
}