{
    "AS_Label_b624478c4b1347439bb102174440068d": {
        "id": "AS_Label_b624478c4b1347439bb102174440068d",
        "type": "ACTION_SEQUENCE",
        "params": [{
            "datatype": "collection",
            "name": "eventobject"
        }, {
            "datatype": "string",
            "name": "x"
        }, {
            "datatype": "string",
            "name": "y"
        }],
        "contextObj": {
            "name": "frmFindFlight",
            "type": "forms",
            "platform": "",
            "KUID": "fa23e89fcec0458ca189fb07a620f494"
        },
        "language": "js",
        "actions": [{
            "id": "ADD_SNIPPET__e55d76146666419885cfa4cfefd69331",
            "type": "ADD_SNIPPET",
            "codeSnippet": "this.onInfantsSelection(eventobject);",
            "parentId": null
        }]
    }
}