{
    "AS_Label_b4423ef026584ed5b1f4e6c9d9d98ba7": {
        "id": "AS_Label_b4423ef026584ed5b1f4e6c9d9d98ba7",
        "type": "ACTION_SEQUENCE",
        "params": [{
            "datatype": "collection",
            "name": "eventobject"
        }, {
            "datatype": "string",
            "name": "x"
        }, {
            "datatype": "string",
            "name": "y"
        }],
        "contextObj": {
            "type": "forms",
            "platform": null,
            "KUID": "g3972f9485ef42a4bc88ce738495e7b0"
        },
        "language": "js",
        "actions": [{
            "id": "INVOKE_FUNCTION__ide_onTouchEnd_j804da64be0c4dd8b7044bc6ea57663b",
            "type": "INVOKE_FUNCTION",
            "sequenceKUID": "onChildrenSelection",
            "display": "onChildrenSelection",
            "inputparams": [],
            "callbackType": null,
            "disabled": null,
            "source": "controller"
        }]
    }
}