{
    "AS_Label_f119bc0eee7148c28cf1d89f8db3270a": {
        "id": "AS_Label_f119bc0eee7148c28cf1d89f8db3270a",
        "type": "ACTION_SEQUENCE",
        "params": [{
            "datatype": "collection",
            "name": "eventobject"
        }, {
            "datatype": "string",
            "name": "x"
        }, {
            "datatype": "string",
            "name": "y"
        }],
        "contextObj": {
            "name": "frmFindFlight",
            "type": "forms",
            "platform": "",
            "KUID": "fa23e89fcec0458ca189fb07a620f494"
        },
        "language": "js",
        "actions": [{
            "id": "ADD_SNIPPET__b1a6061b2ea94573bee2ab3186ec751d",
            "type": "ADD_SNIPPET",
            "codeSnippet": "this.onChildrenSelection(eventobject);",
            "parentId": null
        }]
    }
}