{
    "AS_Label_d05cf1d7143d41918214206310838063": {
        "id": "AS_Label_d05cf1d7143d41918214206310838063",
        "type": "ACTION_SEQUENCE",
        "params": [{
            "datatype": "collection",
            "name": "eventobject"
        }, {
            "datatype": "string",
            "name": "x"
        }, {
            "datatype": "string",
            "name": "y"
        }],
        "contextObj": {
            "type": "forms",
            "platform": null,
            "KUID": "dc8c2fe9d5d946da8286d0f6f4f5a90e"
        },
        "language": "js",
        "actions": [{
            "id": "INVOKE_FUNCTION__ide_onTouchEnd_bdbbcb72202c47b888edfea62ab954da",
            "type": "INVOKE_FUNCTION",
            "sequenceKUID": "onAdultSelection",
            "display": "onAdultSelection",
            "inputparams": [],
            "callbackType": null,
            "disabled": null,
            "source": "controller"
        }]
    }
}