{
    "AS_Label_ie2d3299adf64c1a9e4b36772113a7a2": {
        "id": "AS_Label_ie2d3299adf64c1a9e4b36772113a7a2",
        "type": "ACTION_SEQUENCE",
        "params": [{
            "datatype": "collection",
            "name": "eventobject"
        }, {
            "datatype": "string",
            "name": "x"
        }, {
            "datatype": "string",
            "name": "y"
        }],
        "contextObj": {
            "type": "forms",
            "platform": null,
            "KUID": "a87e598e068949b4b41ffccd1725e43b"
        },
        "language": "js",
        "actions": [{
            "id": "INVOKE_FUNCTION__ide_onTouchEnd_dba4c1ebe7544870a5b280a08480dbcf",
            "type": "INVOKE_FUNCTION",
            "sequenceKUID": "showNumberOfPassengersSelectionLayer",
            "display": "showNumberOfPassengersSelectionLayer",
            "inputparams": [],
            "callbackType": null,
            "disabled": null,
            "source": "controller"
        }]
    }
}