{
    "AS_Label_c90b85e89f60485292ffaac5876b9a4b": {
        "id": "AS_Label_c90b85e89f60485292ffaac5876b9a4b",
        "type": "ACTION_SEQUENCE",
        "params": [{
            "datatype": "collection",
            "name": "eventobject"
        }, {
            "datatype": "string",
            "name": "x"
        }, {
            "datatype": "string",
            "name": "y"
        }],
        "contextObj": {
            "type": "forms",
            "platform": null,
            "KUID": "g3972f9485ef42a4bc88ce738495e7b0"
        },
        "language": "js",
        "actions": [{
            "id": "INVOKE_FUNCTION__ide_onTouchEnd_b3bcd7578c5b40aca12d75a638291b50",
            "type": "INVOKE_FUNCTION",
            "sequenceKUID": "onChildrenSelection",
            "display": "onChildrenSelection",
            "inputparams": [],
            "callbackType": null,
            "disabled": null,
            "source": "controller"
        }]
    }
}