{
    "AS_Segment_f7fdfba794524ce48e5392a46f793d4b": {
        "id": "AS_Segment_f7fdfba794524ce48e5392a46f793d4b",
        "type": "ACTION_SEQUENCE",
        "params": [{
            "datatype": "collection",
            "name": "eventobject"
        }, {
            "datatype": "number",
            "name": "sectionNumber"
        }, {
            "datatype": "number",
            "name": "rowNumber"
        }],
        "contextObj": {
            "type": "forms",
            "platform": null,
            "KUID": "dc8c2fe9d5d946da8286d0f6f4f5a90e"
        },
        "language": "js",
        "actions": [{
            "id": "INVOKE_FUNCTION__ide_onRowClick_fab671a64e8843ab82546e538096452d",
            "type": "INVOKE_FUNCTION",
            "sequenceKUID": "populateSelectedAirport",
            "display": "populateSelectedAirport",
            "inputparams": [],
            "callbackType": null,
            "disabled": null,
            "source": "controller"
        }]
    }
}