{
    "AS_Segment_d802dbc5c6d44bd3b980896b2bf55d38": {
        "id": "AS_Segment_d802dbc5c6d44bd3b980896b2bf55d38",
        "type": "ACTION_SEQUENCE",
        "params": [{
            "datatype": "collection",
            "name": "eventobject"
        }, {
            "datatype": "number",
            "name": "sectionNumber"
        }, {
            "datatype": "number",
            "name": "rowNumber"
        }],
        "contextObj": {
            "name": "frmFindFlight",
            "type": "forms",
            "platform": "",
            "KUID": "fa23e89fcec0458ca189fb07a620f494"
        },
        "language": "js",
        "actions": [{
            "id": "INVOKE_FUNCTION___df07e1709c2e4e26aa58732bf96c4ad2",
            "type": "INVOKE_FUNCTION",
            "sequenceKUID": "populateSelectedAirport",
            "display": "populateSelectedAirport",
            "inputparams": [],
            "parentId": null,
            "callbackType": null,
            "disabled": null,
            "source": "controller"
        }]
    }
}