{
    "AS_Segment_b159545f11c84d0c96a7053273819fa9": {
        "id": "AS_Segment_b159545f11c84d0c96a7053273819fa9",
        "type": "ACTION_SEQUENCE",
        "params": [{
            "datatype": "collection",
            "name": "eventobject"
        }, {
            "datatype": "number",
            "name": "sectionNumber"
        }, {
            "datatype": "number",
            "name": "rowNumber"
        }],
        "contextObj": {
            "name": "frmFlightDetails",
            "type": "forms",
            "platform": null,
            "KUID": "db2b2475b2804010af4e6f287758b741"
        },
        "language": "js",
        "actions": [{
            "id": "INVOKE_FUNCTION__ide_onRowClick_f4b2e53748b44f9db924f5c5a3d54893",
            "type": "INVOKE_FUNCTION",
            "sequenceKUID": "populateSelectedAirport",
            "display": "populateSelectedAirport",
            "inputparams": [],
            "callbackType": null,
            "disabled": null,
            "source": "controller"
        }]
    }
}