{
    "AS_Segment_a8db39427a7145b1a40a7d69c609b706": {
        "id": "AS_Segment_a8db39427a7145b1a40a7d69c609b706",
        "type": "ACTION_SEQUENCE",
        "params": [{
            "datatype": "collection",
            "name": "eventobject"
        }, {
            "datatype": "number",
            "name": "sectionNumber"
        }, {
            "datatype": "number",
            "name": "rowNumber"
        }],
        "contextObj": {
            "type": "forms",
            "platform": null,
            "KUID": "a87e598e068949b4b41ffccd1725e43b"
        },
        "language": "js",
        "actions": [{
            "id": "INVOKE_FUNCTION__ide_onRowClick_dbf20a88a17f49bbaa0d9f9090c6045a",
            "type": "INVOKE_FUNCTION",
            "sequenceKUID": "populateSelectedAirport",
            "display": "populateSelectedAirport",
            "inputparams": [],
            "callbackType": null,
            "disabled": null,
            "source": "controller"
        }]
    }
}