{
    "AS_Segment_i4450dd050e44dab903d8efc77b31ffa": {
        "id": "AS_Segment_i4450dd050e44dab903d8efc77b31ffa",
        "type": "ACTION_SEQUENCE",
        "params": [{
            "datatype": "collection",
            "name": "eventobject"
        }, {
            "datatype": "number",
            "name": "sectionNumber"
        }, {
            "datatype": "number",
            "name": "rowNumber"
        }],
        "contextObj": {
            "name": "frmFindFlight",
            "type": "forms",
            "platform": "",
            "KUID": "fa23e89fcec0458ca189fb07a620f494"
        },
        "language": "js",
        "actions": [{
            "id": "ADD_SNIPPET__bfa89d9f9aff4a19bdf6f02913282b5f",
            "type": "ADD_SNIPPET",
            "codeSnippet": "this.onFlightSelection();",
            "parentId": null,
            "callbackType": null
        }]
    }
}