{
    "AS_Segment_c4d513143a8947f9bdc6f4d1a9f80031": {
        "id": "AS_Segment_c4d513143a8947f9bdc6f4d1a9f80031",
        "type": "ACTION_SEQUENCE",
        "params": [{
            "datatype": "collection",
            "name": "eventobject"
        }, {
            "datatype": "number",
            "name": "sectionNumber"
        }, {
            "datatype": "number",
            "name": "rowNumber"
        }],
        "contextObj": {
            "type": "forms",
            "platform": null,
            "KUID": "g3972f9485ef42a4bc88ce738495e7b0"
        },
        "language": "js",
        "actions": [{
            "id": "INVOKE_FUNCTION__ide_onRowClick_b637c99ddf7541f09fc9922f3a5a168e",
            "type": "INVOKE_FUNCTION",
            "sequenceKUID": "populateSelectedAirport",
            "display": "populateSelectedAirport",
            "inputparams": [],
            "callbackType": null,
            "disabled": null,
            "source": "controller"
        }]
    }
}