{
    "AS_Segment_ia0e4f10f06c425e8dd44afe31ea613f": {
        "id": "AS_Segment_ia0e4f10f06c425e8dd44afe31ea613f",
        "type": "ACTION_SEQUENCE",
        "params": [{
            "datatype": "collection",
            "name": "eventobject"
        }, {
            "datatype": "number",
            "name": "sectionNumber"
        }, {
            "datatype": "number",
            "name": "rowNumber"
        }],
        "language": "js",
        "actions": [{
            "id": "ADD_SNIPPET__j0f601df569e44a4856c95cde7759efe",
            "type": "ADD_SNIPPET",
            "codeSnippet": "this.populateSelectedAirport();",
            "parentId": null,
            "callbackType": null
        }]
    }
}