{
    "AS_TextField_f141c3b7645945f9914140714658f13a": {
        "id": "AS_TextField_f141c3b7645945f9914140714658f13a",
        "type": "ACTION_SEQUENCE",
        "params": [{
            "datatype": "collection",
            "name": "eventobject"
        }, {
            "datatype": "string",
            "name": "changedtext"
        }],
        "contextObj": {
            "type": "forms",
            "platform": null,
            "KUID": "a87e598e068949b4b41ffccd1725e43b"
        },
        "language": "js",
        "actions": [{
            "id": "INVOKE_FUNCTION__ide_onTextChange_j0d08f5d1b474fa291841de8f04bbbe5",
            "type": "INVOKE_FUNCTION",
            "sequenceKUID": "fetchAndPopulateAirports",
            "display": "fetchAndPopulateAirports",
            "inputparams": [],
            "callbackType": null,
            "disabled": null,
            "source": "controller"
        }]
    }
}