{
    "AS_TextField_hd034366b3414b6e80d439a26764ad6d": {
        "id": "AS_TextField_hd034366b3414b6e80d439a26764ad6d",
        "type": "ACTION_SEQUENCE",
        "params": [{
            "datatype": "collection",
            "name": "eventobject"
        }, {
            "datatype": "string",
            "name": "changedtext"
        }],
        "language": "js",
        "actions": [{
            "id": "ADD_SNIPPET__i30ab0766640406eba25c0daa0e67c2f",
            "type": "ADD_SNIPPET",
            "codeSnippet": "this.fetchAndPopulateAirports(eventobject);",
            "parentId": null,
            "callbackType": null
        }]
    }
}