{
    "AS_TextField_ee01c8ec1f5946fd824fc860235974bc": {
        "id": "AS_TextField_ee01c8ec1f5946fd824fc860235974bc",
        "type": "ACTION_SEQUENCE",
        "params": [{
            "datatype": "collection",
            "name": "eventobject"
        }, {
            "datatype": "string",
            "name": "changedtext"
        }],
        "contextObj": {
            "name": "frmFindFlight",
            "type": "forms",
            "platform": "",
            "KUID": "fa23e89fcec0458ca189fb07a620f494"
        },
        "language": "js",
        "actions": [{
            "id": "INVOKE_FUNCTION___a8e5990e409847d8a74d0891bd448d83",
            "type": "INVOKE_FUNCTION",
            "sequenceKUID": "fetchAndPopulateAirports",
            "display": "fetchAndPopulateAirports",
            "inputparams": [],
            "parentId": null,
            "callbackType": null,
            "disabled": null,
            "source": "controller"
        }]
    }
}