{
    "AS_TextField_af8baec521a64962aaf7baf9942f990e": {
        "id": "AS_TextField_af8baec521a64962aaf7baf9942f990e",
        "type": "ACTION_SEQUENCE",
        "params": [{
            "datatype": "collection",
            "name": "eventobject"
        }, {
            "datatype": "string",
            "name": "changedtext"
        }],
        "contextObj": {
            "type": "forms",
            "platform": null,
            "KUID": "g3972f9485ef42a4bc88ce738495e7b0"
        },
        "language": "js",
        "actions": [{
            "id": "INVOKE_FUNCTION__ide_onTextChange_ca94b5f31626423a88573b1f09ee10d8",
            "type": "INVOKE_FUNCTION",
            "sequenceKUID": "fetchAndPopulateAirports",
            "display": "fetchAndPopulateAirports",
            "inputparams": [],
            "callbackType": null,
            "disabled": null,
            "source": "controller"
        }]
    }
}