{
    "AS_TextField_b084dbb2d01a4761b595f8b41c3fbcde": {
        "id": "AS_TextField_b084dbb2d01a4761b595f8b41c3fbcde",
        "type": "ACTION_SEQUENCE",
        "params": [{
            "datatype": "collection",
            "name": "eventobject"
        }, {
            "datatype": "string",
            "name": "changedtext"
        }],
        "contextObj": {
            "name": "frmFlightDetails",
            "type": "forms",
            "platform": null,
            "KUID": "db2b2475b2804010af4e6f287758b741"
        },
        "language": "js",
        "actions": [{
            "id": "INVOKE_FUNCTION__ide_onTextChange_c5337add45bb4d4cb4375b1d3c262a37",
            "type": "INVOKE_FUNCTION",
            "sequenceKUID": "fetchAndPopulateAirports",
            "display": "fetchAndPopulateAirports",
            "inputparams": [],
            "callbackType": null,
            "disabled": null,
            "source": "controller"
        }]
    }
}