{
    "AS_TextField_ja1bec8ad07d4508a64c54a4f41dbd2d": {
        "id": "AS_TextField_ja1bec8ad07d4508a64c54a4f41dbd2d",
        "type": "ACTION_SEQUENCE",
        "params": [{
            "datatype": "collection",
            "name": "eventobject"
        }, {
            "datatype": "string",
            "name": "changedtext"
        }],
        "contextObj": {
            "type": "forms",
            "platform": null,
            "KUID": "dc8c2fe9d5d946da8286d0f6f4f5a90e"
        },
        "language": "js",
        "actions": [{
            "id": "INVOKE_FUNCTION__ide_onTextChange_a8409792f04a448eb23a948b023e4416",
            "type": "INVOKE_FUNCTION",
            "sequenceKUID": "fetchAndPopulateAirports",
            "display": "fetchAndPopulateAirports",
            "inputparams": [],
            "callbackType": null,
            "disabled": null,
            "source": "controller"
        }]
    }
}