{
    "AS_UWI_eb2fedeb6a58404493dcd3365e4b876e": {
        "id": "AS_UWI_eb2fedeb6a58404493dcd3365e4b876e",
        "type": "ACTION_SEQUENCE",
        "params": [{
            "name": "menuindex",
            "datatype": "collection"
        }],
        "contextObj": {
            "name": "frmTrip",
            "type": "forms",
            "platform": "",
            "KUID": "i25c4ffd1e644f6b92d7af17fb927910"
        },
        "language": "js",
        "actions": [{
            "id": "ADD_SNIPPET__e3923ad524994013a5cf3d1a0fa32ef9",
            "type": "ADD_SNIPPET",
            "codeSnippet": "this.onMenuItemClickCallback(menuindex);",
            "parentId": null,
            "callbackType": null
        }]
    }
}