{
    "AS_UWI_ic552391db27406e8f8400a273a3a0fc": {
        "id": "AS_UWI_ic552391db27406e8f8400a273a3a0fc",
        "type": "ACTION_SEQUENCE",
        "params": [{
            "name": "response",
            "datatype": "collection"
        }],
        "contextObj": {
            "name": "frmLogin",
            "type": "forms",
            "platform": "",
            "KUID": "e7c98521a20a47df9c68e79132bb50cf"
        },
        "language": "js",
        "actions": [{
            "id": "ADD_SNIPPET__f2668b861c554d00b62755f72cc35096",
            "type": "ADD_SNIPPET",
            "codeSnippet": "this.loginSuccess();",
            "parentId": null,
            "callbackType": null
        }]
    }
}