{
    "AS_UWI_e22b09e8ceff44b991b4bfbe5cdfbe97": {
        "id": "AS_UWI_e22b09e8ceff44b991b4bfbe5cdfbe97",
        "type": "ACTION_SEQUENCE",
        "params": [{
            "name": "menuindex",
            "datatype": "collection"
        }],
        "contextObj": {
            "name": "frmFlightDetails",
            "type": "forms",
            "platform": "",
            "KUID": "db2b2475b2804010af4e6f287758b741"
        },
        "language": "js",
        "actions": [{
            "id": "INVOKE_FUNCTION___i6b62af458a5413492d30d81e4627370",
            "type": "INVOKE_FUNCTION",
            "sequenceKUID": "onMenuItemClickCallback",
            "display": "onMenuItemClickCallback",
            "inputparams": [],
            "parentId": null,
            "callbackType": null,
            "disabled": null,
            "source": "controller"
        }]
    }
}