<?xml version="1.0" encoding="UTF-8" standalone="yes"?>
<endpoint name="default" dataAdapterId="8a8a5964-57b6-43c9-a846-5c953fc4277f" type="CustomDataAdapter" encryptSecureInfo="false">
    <config>
        <entry>
            <key>http_auth_mode</key>
            <value>none</value>
        </entry>
        <entry>
            <key>apikey</key>
            <value>BKEuoMutfOAwQ7e9AG1Y1almTzATKHVO</value>
        </entry>
        <entry>
            <key>identityProviderType</key>
        </entry>
        <entry>
            <key>identityProvider</key>
        </entry>
        <entry>
            <key>authservicetype</key>
            <value>IdentityProvider</value>
        </entry>
    </config>
    <apiThrottling/>
</endpoint>
