{
    "AS_FlexContainer_a0c6b813a673402f88682f460f56eeb4": {
        "id": "AS_FlexContainer_a0c6b813a673402f88682f460f56eeb4",
        "type": "ACTION_SEQUENCE",
        "params": [{
            "datatype": "collection",
            "name": "eventobject"
        }],
        "contextObj": {
            "name": "uwu4aefd4ccd4f43c288e73b769abc427f",
            "type": "userwidgets",
            "KUID": "u4aefd4ccd4f43c288e73b769abc427f"
        },
        "language": "js",
        "actions": [{
            "id": "ADD_SNIPPET__e6a419d0bd9a429284e1b0218610be70",
            "type": "ADD_SNIPPET",
            "codeSnippet": "this.showSlidingMenu();",
            "parentId": null,
            "callbackType": null
        }]
    }
}