{
    "AS_FlexContainer_e6c32ec2ba264244b7c6763873e64a22": {
        "id": "AS_FlexContainer_e6c32ec2ba264244b7c6763873e64a22",
        "type": "ACTION_SEQUENCE",
        "params": [{
            "datatype": "collection",
            "name": "eventobject"
        }],
        "contextObj": {
            "name": "uwuf6e3557d18e4dac8ff79ade6a3b1f25",
            "type": "userwidgets",
            "KUID": "uf6e3557d18e4dac8ff79ade6a3b1f25"
        },
        "language": "js",
        "actions": [{
            "id": "ADD_SNIPPET__a0460bca1c93452485af3d3ccc79267d",
            "type": "ADD_SNIPPET",
            "codeSnippet": "kony.store.setItem(\"inputType\",\"social\");\nthis.invokeIdentityService(\"reusableGoogleLogin\");\n",
            "parentId": null,
            "callbackType": null
        }]
    }
}