{
    "AS_FlexContainer_fdd40d249d474187a457d31445686181": {
        "id": "AS_FlexContainer_fdd40d249d474187a457d31445686181",
        "type": "ACTION_SEQUENCE",
        "params": [{
            "datatype": "collection",
            "name": "eventobject"
        }],
        "contextObj": {
            "name": "uwu4aefd4ccd4f43c288e73b769abc427f",
            "type": "userwidgets",
            "KUID": "u4aefd4ccd4f43c288e73b769abc427f"
        },
        "language": "js",
        "actions": [{
            "id": "ADD_SNIPPET__f449b87c4ee14a358113a0d8bba65d68",
            "type": "ADD_SNIPPET",
            "codeSnippet": "this.hideSlidingMenu();",
            "parentId": null,
            "callbackType": null
        }]
    }
}