{
    "AS_FlexContainer_b1486af2d3bc40b595c92c7f95b32d42": {
        "id": "AS_FlexContainer_b1486af2d3bc40b595c92c7f95b32d42",
        "type": "ACTION_SEQUENCE",
        "params": [{
            "datatype": "collection",
            "name": "eventobject"
        }],
        "contextObj": {
            "name": "uwuf6e3557d18e4dac8ff79ade6a3b1f25",
            "type": "userwidgets",
            "KUID": "uf6e3557d18e4dac8ff79ade6a3b1f25"
        },
        "language": "js",
        "actions": [{
            "id": "ADD_SNIPPET__f6f2cbe3bff144f6a157945454540660",
            "type": "ADD_SNIPPET",
            "codeSnippet": "this.view.flxIdentity.isVisible = false;\nthis.view.brwsrIdentity.htmlString = \"<html>Please wait !!</html>\"\n",
            "parentId": null,
            "callbackType": null
        }]
    }
}