{
    "AS_FlexContainer_d9a7eb801cce46648fe128fd348a6e5e": {
        "id": "AS_FlexContainer_d9a7eb801cce46648fe128fd348a6e5e",
        "type": "ACTION_SEQUENCE",
        "params": [{
            "datatype": "collection",
            "name": "eventobject"
        }],
        "contextObj": {
            "name": "uwu4aefd4ccd4f43c288e73b769abc427f",
            "type": "userwidgets",
            "KUID": "u4aefd4ccd4f43c288e73b769abc427f"
        },
        "language": "js",
        "actions": [{
            "id": "ADD_SNIPPET__bc1d13488b7141779b629f57a45ea235",
            "type": "ADD_SNIPPET",
            "codeSnippet": "var t = '';",
            "parentId": null,
            "callbackType": null
        }]
    }
}