<?xml version="1.0" encoding="UTF-8" standalone="yes"?>
<service serviceGroup="" cachable="false" cacheduration="" endpoint="default" groupType="" id="pushMessage" passwordencrypted="false" security="public" type="jsonConnector" smscode="" smsenabled="false">
    <service-config>
        <config-param api-version="" appid="" name="preprocessorname" value=""/>
        <config-param api-version="" appid="" name="postprocessorname" value=""/>
        <config-param api-version="" appid="" name="preprocessorJS" value=""/>
        <config-param api-version="" appid="" name="postprocessorJS" value=""/>
        <config-param api-version="" appid="" name="endpointUrl" value="https://training.messaging.konycloud.com/api/v1/messages/push"/>
        <config-param api-version="" appid="" name="ignorehttpproxy" value="true"/>
        <config-param api-version="" appid="" name="http.method" value="POST"/>
        <config-param api-version="" appid="" name="dataObjectName" value=""/>
        <config-param api-version="" appid="" name="sockettimeout" value=""/>
        <config-param api-version="" appid="" name="responseEncoding" value="UTF-8"/>
        <config-param api-version="" appid="" name="isembedxmlpresent" value="false"/>
        <config-param api-version="" appid="" name="retrycount" value="0"/>
    </service-config>
    <service-input passthrough="false">
        <header datatype="" name="" passthrough="false">
            <param datatype="string" defaultvalue="" description="" encode="false" format="None" formatvalue="" name="Content-Type" order="" sms-name="" src="constant" sourcevalue="application/json" srcformatvalue="" target="" targetdatatype="" testvalue="" value="">
                <accessType></accessType>
            </param>
            <param datatype="string" defaultvalue="" description="" encode="false" format="None" formatvalue="" name="x-kony-Authorization" order="" sms-name="" src="session" sourcevalue="" srcformatvalue="" target="" targetdatatype="" testvalue="" value="">
                <accessType></accessType>
            </param>
        </header>
        <param datatype="string" defaultvalue="" description="" encode="true" format="None" formatvalue="" name="data" order="" passnull="false" sms-name="" src="request" sourcevalue="" srcformatvalue="" target="request" targetdatatype="java.lang.String" testvalue="Hello Kony Travel App" value="">
            <accessType></accessType>
        </param>
        <param datatype="string" defaultvalue="" description="" encode="true" format="None" formatvalue="" name="ksid" order="" passnull="false" sms-name="" src="request" sourcevalue="" srcformatvalue="" target="request" targetdatatype="java.lang.String" testvalue="5439613187663720061" value="">
            <accessType></accessType>
        </param>
        <param datatype="string" defaultvalue="" description="" encode="true" format="None" formatvalue="" name="appid" order="" passnull="false" sms-name="" src="request" sourcevalue="" srcformatvalue="" target="request" targetdatatype="java.lang.String" testvalue="fc0a09ad-f114-48ea-99d2-355a01069a40" value="">
            <accessType></accessType>
        </param>
        <template-param datatype="" defaultvalue="{&#xA;    &quot;messageRequest&quot;: {&#xA;        &quot;appId&quot;: &quot;$appid&quot;,&#xA;        &quot;global&quot;: {},&#xA;        &quot;messages&quot;: {&#xA;            &quot;message&quot;: {&#xA;                &quot;content&quot;: {&#xA;                    &quot;priorityService&quot;: &quot;true&quot;,&#xA;                    &quot;data&quot;: &quot;$data&quot;,&#xA;                    &quot;mimeType&quot;: &quot;text/plain&quot;&#xA;                },&#xA;                &quot;overrideMessageId&quot;: &quot;0&quot;,&#xA;                &quot;startTimestamp&quot;: &quot;0&quot;,&#xA;                &quot;expiryTimestamp&quot;: &quot;0&quot;,&#xA;                &quot;subscribers&quot;: {&#xA;                    &quot;subscriber&quot;: [&#xA;                        {&#xA;                            &quot;ksid&quot;: &quot;$ksid&quot;&#xA;                        }&#xA;                    ]&#xA;                },&#xA;                &quot;type&quot;: &quot;PUSH&quot;&#xA;            }&#xA;        }&#xA;    }&#xA;}" description="" encode="false" format="" formatvalue="" name="message" order="" sms-name="" src="" sourcevalue="" srcformatvalue="" target="" targetdatatype="" value="{&#xA;    &quot;messageRequest&quot;: {&#xA;        &quot;appId&quot;: &quot;$appid&quot;,&#xA;        &quot;global&quot;: {},&#xA;        &quot;messages&quot;: {&#xA;            &quot;message&quot;: {&#xA;                &quot;content&quot;: {&#xA;                    &quot;priorityService&quot;: &quot;true&quot;,&#xA;                    &quot;data&quot;: &quot;$data&quot;,&#xA;                    &quot;mimeType&quot;: &quot;text/plain&quot;&#xA;                },&#xA;                &quot;overrideMessageId&quot;: &quot;0&quot;,&#xA;                &quot;startTimestamp&quot;: &quot;0&quot;,&#xA;                &quot;expiryTimestamp&quot;: &quot;0&quot;,&#xA;                &quot;subscribers&quot;: {&#xA;                    &quot;subscriber&quot;: [&#xA;                        {&#xA;                            &quot;ksid&quot;: &quot;$ksid&quot;&#xA;                        }&#xA;                    ]&#xA;                },&#xA;                &quot;type&quot;: &quot;PUSH&quot;&#xA;            }&#xA;        }&#xA;    }&#xA;}">
            <accessType></accessType>
        </template-param>
    </service-input>
    <service-output passthrough="false">
        <param datatype="string" defaultvalue="" description="" encode="true" format="None" formatvalue="" name="messageResponse" order="" passnull="false" sms-name="" src="//messageResponse" sourcevalue="" srcformatvalue="" target="response" targetdatatype="java.lang.String" testvalue="" value="">
            <accessType></accessType>
        </param>
    </service-output>
</service>
