{
    "classname": "login",
    "definitions": {
        "apis": {
            "custom": [
                {
                    "kuid": "he44adc08b4744a58f900b8786b45806",
                    "paramList": [
                        {
                            "name": "providername"
                        }
                    ],
                    "propertyKey": "invokeIdentityService",
                    "pw": {
                        "displayName": "invokeIdentityService",
                        "uiRepresentation": "Label-Label-Button-Button"
                    },
                    "srcWgtKUID": "cd4834da3fd340b8a65f483ef9d593a7",
                    "type": "event"
                },
                {
                    "kuid": "fd254f464cfb4bd4bb86be32dbbfc240",
                    "paramList": [],
                    "propertyKey": "getUsername",
                    "pw": {
                        "displayName": "getUsername",
                        "uiRepresentation": "Label-Label-Button-Button"
                    },
                    "srcWgtKUID": "cd4834da3fd340b8a65f483ef9d593a7",
                    "type": "event"
                },
                {
                    "kuid": "fe68bb75a108465bae774447f5d4c94a",
                    "paramList": [],
                    "propertyKey": "getPassword",
                    "pw": {
                        "displayName": "getPassword",
                        "uiRepresentation": "Label-Label-Button-Button"
                    },
                    "srcWgtKUID": "cd4834da3fd340b8a65f483ef9d593a7",
                    "type": "event"
                },
                {
                    "kuid": "b06be9d85cec4974939cf15a75c7ab13",
                    "paramList": [
                        {
                            "name": "input"
                        }
                    ],
                    "propertyKey": "enableTouchID",
                    "pw": {
                        "displayName": "enableTouchID",
                        "uiRepresentation": "Label-Label-Button-Button"
                    },
                    "srcWgtKUID": "cd4834da3fd340b8a65f483ef9d593a7",
                    "type": "event"
                },
                {
                    "kuid": "h80dc0bf9224484b96d247e597592217",
                    "paramList": [],
                    "propertyIndex": 15,
                    "propertyKey": "rememberMe",
                    "pw": {
                        "displayName": "rememberMe",
                        "uiRepresentation": "Label-Label-Button-Button"
                    },
                    "srcWgtKUID": "cd4834da3fd340b8a65f483ef9d593a7",
                    "type": "event"
                }
            ],
            "passthrough": []
        },
        "events": {
            "custom": [
                {
                    "group": "input Options",
                    "kuid": "h432d05c5cc54940bad832e93cafed30",
                    "paramList": [],
                    "propertyIndex": 1,
                    "propertyKey": "passwordOnDone",
                    "pw": {
                        "displayName": "passwordOnDone",
                        "uiRepresentation": "Label-Label-Button-Button"
                    },
                    "srcWgtKUID": "cd4834da3fd340b8a65f483ef9d593a7",
                    "type": "event"
                },
                {
                    "group": "Login Option",
                    "kuid": "eaeb915bb31f4bfabbb414a63bcead7b",
                    "paramList": [
                        {
                            "name": "response"
                        }
                    ],
                    "propertyIndex": 2,
                    "propertyKey": "loginSuccessEvent",
                    "pw": {
                        "displayName": "loginSuccessEvent",
                        "uiRepresentation": "Label-Label-Button-Button"
                    },
                    "srcWgtKUID": "cd4834da3fd340b8a65f483ef9d593a7",
                    "type": "event"
                },
                {
                    "group": "input Options",
                    "kuid": "ffebfb7dd52d420c99f5f15f3c09b239",
                    "paramList": [],
                    "propertyIndex": 2,
                    "propertyKey": "usernameOnDone",
                    "pw": {
                        "displayName": "usernameOnDone",
                        "uiRepresentation": "Label-Label-Button-Button"
                    },
                    "srcWgtKUID": "cd4834da3fd340b8a65f483ef9d593a7",
                    "type": "event"
                },
                {
                    "group": "Login Option",
                    "kuid": "d829a6b29afb4361aec213289cacfeb3",
                    "paramList": [],
                    "propertyIndex": 3,
                    "propertyKey": "loginFailureEvent",
                    "pw": {
                        "displayName": "loginFailureEvent",
                        "uiRepresentation": "Label-Label-Button-Button"
                    },
                    "srcWgtKUID": "cd4834da3fd340b8a65f483ef9d593a7",
                    "type": "event"
                },
                {
                    "group": "Login Option",
                    "kuid": "eed1988e72874b00a39d795889d1dda0",
                    "paramList": [],
                    "propertyIndex": 4,
                    "propertyKey": "remembermeOnSelection",
                    "pw": {
                        "displayName": "remembermeOnSelection",
                        "uiRepresentation": "Label-Label-Button-Button"
                    },
                    "srcWgtKUID": "cd4834da3fd340b8a65f483ef9d593a7",
                    "type": "event"
                },
                {
                    "group": "Login Option",
                    "kuid": "f1b55e4cb3b942d1b40cf310a07ffbab",
                    "paramList": [],
                    "propertyIndex": 5,
                    "propertyKey": "submitOnClick",
                    "pw": {
                        "displayName": "submitOnClick",
                        "uiRepresentation": "Label-Label-Button-Button"
                    },
                    "srcWgtKUID": "cd4834da3fd340b8a65f483ef9d593a7",
                    "type": "event"
                }
            ],
            "passthrough": [
                {
                    "access": "Enable",
                    "group": "Login Option",
                    "kuid": "d40412b0cdd64136befef8192c4856e2",
                    "originalPropertyKey": "onClick",
                    "propertyIndex": 1,
                    "propertyKey": "forgotPasswordOnClick",
                    "pw": {
                        "access": "readwrite",
                        "category": "action",
                        "displayName": "forgotPasswordOnClick",
                        "srcWidget": "btnForgotPassword",
                        "type": "action",
                        "uiRepresentation": "Label-Label-Button-Button",
                        "wType": "Button"
                    },
                    "srcWgtKUID": "b2de6f8330d14c2489a31088725ac514"
                }
            ]
        },
        "groups": {
            "apis": [],
            "events": [
                "input Options",
                "Login Option"
            ],
            "properties": [
                "General/Genric",
                "Logo Properties",
                "Username Properties",
                "Password Properties",
                "Signin Options",
                "Login Options",
                "Office365",
                "Facebook ",
                "LinkedIn"
            ],
            "widgets": []
        },
        "properties": {
            "custom": [
                {
                    "access": "Write",
                    "defaultValue": true,
                    "group": "General",
                    "kuid": "e2f31d0386c84560baf388ff94b72f18",
                    "originalPropertyKey": "encryptCredentials",
                    "propertyIndex": 1,
                    "propertyKey": "encryptCredentials",
                    "pw": {
                        "displayName": "Encrypt Credentials",
                        "uiRepresentation": "Label-Radiobuttongroup"
                    },
                    "srcWgtKUID": "cd4834da3fd340b8a65f483ef9d593a7",
                    "type": "boolean",
                    "value": "true/false"
                },
                {
                    "access": "Write",
                    "defaultValue": 8,
                    "group": "Password Properties",
                    "kuid": "ef44aeceefe446f1b4f7d3a6a86e3092",
                    "originalPropertyKey": "passwordMinimumChar",
                    "propertyIndex": 4,
                    "propertyKey": "passwordMinimumChar",
                    "pw": {
                        "displayName": "Password Min Characters",
                        "type": "integer",
                        "uiRepresentation": "Label-Textbox",
                        "validationData": "^(\\+|-)?\\d+$"
                    },
                    "srcWgtKUID": "cd4834da3fd340b8a65f483ef9d593a7",
                    "type": "integer",
                    "value": ""
                },
                {
                    "access": "Write",
                    "defaultValue": 8,
                    "group": "Username Properties",
                    "kuid": "h6005f659e864308a082c2c6b9e2b134",
                    "originalPropertyKey": "usernameMinimumChar",
                    "propertyIndex": 4,
                    "propertyKey": "usernameMinimumChar",
                    "pw": {
                        "displayName": "Username Min Characters",
                        "type": "integer",
                        "uiRepresentation": "Label-Textbox",
                        "validationData": "^(\\+|-)?\\d+$"
                    },
                    "srcWgtKUID": "cd4834da3fd340b8a65f483ef9d593a7",
                    "type": "integer",
                    "value": ""
                },
                {
                    "access": "Write",
                    "defaultValue": "Password Too Small",
                    "group": "Password Properties",
                    "kuid": "if781bf7275241dd8e35349e023fda8e",
                    "originalPropertyKey": "passwordValidationMsg",
                    "propertyIndex": 5,
                    "propertyKey": "passwordValidationMsg",
                    "pw": {
                        "displayName": "Password Validation Message",
                        "uiRepresentation": "Label-Textbox"
                    },
                    "srcWgtKUID": "cd4834da3fd340b8a65f483ef9d593a7",
                    "type": "string",
                    "value": ""
                },
                {
                    "access": "Write",
                    "defaultValue": "Username Too Small",
                    "group": "Username Properties",
                    "kuid": "d78ab61d1f1e42659d1af026f32dac7f",
                    "originalPropertyKey": "usernameValidationMsg",
                    "propertyIndex": 5,
                    "propertyKey": "usernameValidationMsg",
                    "pw": {
                        "displayName": "Username Validation Message",
                        "uiRepresentation": "Label-Textbox"
                    },
                    "srcWgtKUID": "cd4834da3fd340b8a65f483ef9d593a7",
                    "type": "string",
                    "value": ""
                },
                {
                    "access": "Write",
                    "defaultValue": "userstore",
                    "group": "Login Options",
                    "kuid": "d381742ac75c4e5a97e7f3ff4e857538",
                    "originalPropertyKey": "providerName",
                    "propertyIndex": 5,
                    "propertyKey": "providerName",
                    "pw": {
                        "displayName": "Identity service name",
                        "uiRepresentation": "Label-Textbox"
                    },
                    "srcWgtKUID": "cd4834da3fd340b8a65f483ef9d593a7",
                    "type": "string",
                    "value": ""
                }
            ],
            "passthrough": [
                {
                    "access": "Enable",
                    "group": "General",
                    "kuid": "d5cfd17afbb34fe4beeeee9b48f48a8c",
                    "originalPropertyKey": "skin",
                    "propertyIndex": 1,
                    "propertyKey": "sknForgotPassword",
                    "pw": {
                        "access": "readwrite",
                        "category": "skin",
                        "displayName": "Forgot Password",
                        "srcWidget": "btnForgotPassword",
                        "wType": "Button"
                    },
                    "srcWgtKUID": "b2de6f8330d14c2489a31088725ac514"
                },
                {
                    "access": "Enable",
                    "group": "General",
                    "kuid": "a151a476df1b44bca601dab0018cd786",
                    "originalPropertyKey": "src",
                    "propertyIndex": 1,
                    "propertyKey": "rememberMeSelectedSource",
                    "pw": {
                        "access": "readwrite",
                        "category": "widget",
                        "displayName": "RememberMe Selected Image",
                        "srcWidget": "imgRememberme",
                        "type": "string",
                        "uiConfig": {
                            "Button": {
                                "dataRetrieverId": "Imagelist",
                                "dataUpdaterId": "Imagelist",
                                "popupId": "Imagelist",
                                "type": "ImageEditBtn"
                            },
                            "Label": {}
                        },
                        "uiRepresentation": "Label-Label-Button",
                        "wType": "Image"
                    },
                    "srcWgtKUID": "b6ff806b221a416e9603abc1f85f509d"
                },
                {
                    "access": "Enable",
                    "group": "Login Options",
                    "kuid": "cbba39d38adc4d99942c9ad1e731fea2",
                    "originalPropertyKey": "isVisible",
                    "propertyIndex": 1,
                    "propertyKey": "touchIDProperty",
                    "pw": {
                        "access": "readwrite",
                        "category": "look",
                        "displayName": "Enable Touch ID",
                        "srcWidget": "flxTouchId",
                        "type": "boolean",
                        "uiRepresentation": "Label-Radiobuttongroup",
                        "wType": "FlexContainer"
                    },
                    "srcWgtKUID": "h8acbf5c60e54bbb996b0bafbecf7855"
                },
                {
                    "access": "Enable",
                    "group": "LinkedIn",
                    "kuid": "f76016e5813f420689cb3a06c6f8d3c9",
                    "originalPropertyKey": "isVisible",
                    "propertyIndex": 1,
                    "propertyKey": "linkedinLogin",
                    "pw": {
                        "access": "readwrite",
                        "category": "look",
                        "displayName": "Enable LinkedIn Login",
                        "srcWidget": "flxLinkedin",
                        "type": "boolean",
                        "uiRepresentation": "Label-Radiobuttongroup",
                        "wType": "FlexContainer"
                    },
                    "srcWgtKUID": "a045f8dd5e154608b8fc97111029c516"
                },
                {
                    "access": "Enable",
                    "group": "Logo Properties",
                    "kuid": "bba90e1b0e6b4a548cb8d73c03624449",
                    "originalPropertyKey": "src",
                    "propertyIndex": 1,
                    "propertyKey": "logoSource",
                    "pw": {
                        "access": "readwrite",
                        "category": "widget",
                        "displayName": "Logo Image",
                        "srcWidget": "imgLogo",
                        "type": "string",
                        "uiConfig": {
                            "Button": {
                                "dataRetrieverId": "Imagelist",
                                "dataUpdaterId": "Imagelist",
                                "popupId": "Imagelist",
                                "type": "ImageEditBtn"
                            },
                            "Label": {}
                        },
                        "uiRepresentation": "Label-Label-Button",
                        "wType": "Image"
                    },
                    "srcWgtKUID": "a4ac20b92ce749369d921131f8b509ab"
                },
                {
                    "access": "Enable",
                    "group": "General",
                    "kuid": "f1eded8a6099471eb42b55df85898e1d",
                    "originalPropertyKey": "skin",
                    "propertyIndex": 1,
                    "propertyKey": "socialBackground",
                    "pw": {
                        "access": "readwrite",
                        "category": "skin",
                        "displayName": "Login Background",
                        "srcWidget": "flxBottomContainer",
                        "wType": "FlexContainer"
                    },
                    "srcWgtKUID": "f20110eab463468388843979d5b75491"
                },
                {
                    "access": "Enable",
                    "group": "Username Properties",
                    "kuid": "d2bf261822734c47bcfdf774b617a527",
                    "originalPropertyKey": "text",
                    "propertyIndex": 1,
                    "propertyKey": "usernamePlaceholder",
                    "pw": {
                        "access": "readwrite",
                        "category": "look",
                        "displayName": "Username Placeholder",
                        "srcWidget": "lblUsername",
                        "type": "string",
                        "uiRepresentation": "Label-Textbox",
                        "wType": "Label"
                    },
                    "srcWgtKUID": "d03f0805474d4c07a5835e5475eeaebf"
                },
                {
                    "access": "Enable",
                    "group": "Office365",
                    "kuid": "caead89c40eb42caa2901bbbe73fc498",
                    "originalPropertyKey": "isVisible",
                    "propertyIndex": 1,
                    "propertyKey": "office365Login",
                    "pw": {
                        "access": "readwrite",
                        "category": "look",
                        "displayName": "Enable Office365 Login",
                        "srcWidget": "flxOffice365",
                        "type": "boolean",
                        "uiRepresentation": "Label-Radiobuttongroup",
                        "wType": "FlexContainer"
                    },
                    "srcWgtKUID": "j5327bd254d0417284300f18efec6c3e"
                },
                {
                    "access": "Enable",
                    "group": "General",
                    "kuid": "e288196026744af79691e480cd1820aa",
                    "originalPropertyKey": "skin",
                    "propertyIndex": 1,
                    "propertyKey": "logoBackground",
                    "pw": {
                        "access": "readwrite",
                        "category": "skin",
                        "displayName": "Logo Background",
                        "srcWidget": "flxlogo",
                        "wType": "FlexContainer"
                    },
                    "srcWgtKUID": "h5335b2837b54092be89a1eba9c74d3c"
                },
                {
                    "access": "Enable",
                    "group": "General",
                    "kuid": "d104de548b694b699fed0b0b16db90bf",
                    "originalPropertyKey": "skin",
                    "propertyIndex": 1,
                    "propertyKey": "sknCredentials",
                    "pw": {
                        "access": "readwrite",
                        "category": "skin",
                        "displayName": "Credentials Skin",
                        "srcWidget": "tbxUsername",
                        "wType": "TextField"
                    },
                    "srcWgtKUID": "ba4d8931f18a4668a1925e427654036d"
                },
                {
                    "access": "Enable",
                    "group": "Signin Options",
                    "kuid": "caa9295e07284e37968f392420a32555",
                    "originalPropertyKey": "text",
                    "propertyIndex": 1,
                    "propertyKey": "submitButtonText",
                    "pw": {
                        "access": "readwrite",
                        "category": "look",
                        "displayName": "Submit Button Text",
                        "srcWidget": "btnLogin",
                        "type": "string",
                        "uiRepresentation": "Label-Textbox",
                        "wType": "Button"
                    },
                    "srcWgtKUID": "ac33479c328846cabd62987b86200716"
                },
                {
                    "access": "Enable",
                    "group": "Facebook ",
                    "kuid": "ba624d823fc040fbaff1671502847259",
                    "originalPropertyKey": "isVisible",
                    "propertyIndex": 1,
                    "propertyKey": "facebookLogin",
                    "pw": {
                        "access": "readwrite",
                        "category": "look",
                        "displayName": "Enable Facebook Login",
                        "srcWidget": "flxFacebook",
                        "type": "boolean",
                        "uiRepresentation": "Label-Radiobuttongroup",
                        "wType": "FlexContainer"
                    },
                    "srcWgtKUID": "a3f2635a7b1148f0a25c7ea99ae7925d"
                },
                {
                    "access": "Enable",
                    "group": "General",
                    "kuid": "d46c085cafbd4b9880994e508558dbf5",
                    "originalPropertyKey": "skin",
                    "propertyIndex": 1,
                    "propertyKey": "loginCardBackground",
                    "pw": {
                        "access": "readwrite",
                        "category": "skin",
                        "displayName": "Login Card Background",
                        "srcWidget": "flxCredentials",
                        "wType": "FlexContainer"
                    },
                    "srcWgtKUID": "i18603fc53a34cff8d030e1d7ca23734"
                },
                {
                    "access": "Enable",
                    "group": "Password Properties",
                    "kuid": "jd119233b8db4004a1d05b58cec1df8d",
                    "originalPropertyKey": "text",
                    "propertyIndex": 1,
                    "propertyKey": "passwordPlaceholder",
                    "pw": {
                        "access": "readwrite",
                        "category": "look",
                        "displayName": "Password Placeholder",
                        "srcWidget": "lblPassword",
                        "type": "string",
                        "uiRepresentation": "Label-Textbox",
                        "wType": "Label"
                    },
                    "srcWgtKUID": "d417c05db98746ec93fa492a64345c9a"
                },
                {
                    "access": "Enable",
                    "group": "General",
                    "kuid": "b41a505c33824ac887c8a964ba656182",
                    "originalPropertyKey": "src",
                    "propertyIndex": 1,
                    "propertyKey": "rememberMeUnSelectedSource",
                    "pw": {
                        "access": "readwrite",
                        "category": "widget",
                        "displayName": "RememberMe Unselected Image",
                        "srcWidget": "imgUnselected",
                        "type": "string",
                        "uiConfig": {
                            "Button": {
                                "dataRetrieverId": "Imagelist",
                                "dataUpdaterId": "Imagelist",
                                "popupId": "Imagelist",
                                "type": "ImageEditBtn"
                            },
                            "Label": {}
                        },
                        "uiRepresentation": "Label-Label-Button",
                        "wType": "Image"
                    },
                    "srcWgtKUID": "j3b4c73f0b00483481a025d338aa853a"
                },
                {
                    "access": "Enable",
                    "group": "General",
                    "kuid": "dc9b8015e10e432d8c7199a094d5f2ff",
                    "originalPropertyKey": "skin",
                    "propertyIndex": 1,
                    "propertyKey": "sknbtnLogin",
                    "pw": {
                        "access": "readwrite",
                        "category": "skin",
                        "displayName": "Login Button",
                        "srcWidget": "btnLogin",
                        "wType": "Button"
                    },
                    "srcWgtKUID": "ac33479c328846cabd62987b86200716"
                },
                {
                    "access": "Enable",
                    "group": "Login Options",
                    "kuid": "ae4d40b0c271490a937f4bfa772011e3",
                    "originalPropertyKey": "isVisible",
                    "propertyIndex": 2,
                    "propertyKey": "socialLoginVisible",
                    "pw": {
                        "access": "readwrite",
                        "category": "look",
                        "displayName": "Enable Social Login",
                        "srcWidget": "flxSocialLogin",
                        "type": "boolean",
                        "uiRepresentation": "Label-Radiobuttongroup",
                        "wType": "FlexContainer"
                    },
                    "srcWgtKUID": "ia9cb1844c1e4a14933adfe44a01f223"
                },
                {
                    "access": "Enable",
                    "group": "Facebook ",
                    "kuid": "c50ecc976d1445f6a3836b5df4fbd430",
                    "originalPropertyKey": "src",
                    "propertyIndex": 2,
                    "propertyKey": "facebookSource",
                    "pw": {
                        "access": "readwrite",
                        "category": "widget",
                        "displayName": "Facebook Icon",
                        "srcWidget": "imgFaceBook",
                        "type": "string",
                        "uiConfig": {
                            "Button": {
                                "dataRetrieverId": "Imagelist",
                                "dataUpdaterId": "Imagelist",
                                "popupId": "Imagelist",
                                "type": "ImageEditBtn"
                            },
                            "Label": {}
                        },
                        "uiRepresentation": "Label-Label-Button",
                        "wType": "Image"
                    },
                    "srcWgtKUID": "a0878c9c74144a3483d0213c7be973ee"
                },
                {
                    "access": "Enable",
                    "group": "Username Properties",
                    "kuid": "e052adc481284d8fa0db4725148c1f84",
                    "originalPropertyKey": "maxTextLength",
                    "propertyIndex": 2,
                    "propertyKey": "usernameMaxChar",
                    "pw": {
                        "access": "readwrite",
                        "category": "widget",
                        "displayName": "Username Max Characters",
                        "srcWidget": "tbxUsername",
                        "type": "integer",
                        "uiRepresentation": "Label-Textbox",
                        "wType": "TextField"
                    },
                    "srcWgtKUID": "ba4d8931f18a4668a1925e427654036d"
                },
                {
                    "access": "Enable",
                    "group": "LinkedIn",
                    "kuid": "i3d1a3baffe94ac4835b5bf7ad980313",
                    "originalPropertyKey": "src",
                    "propertyIndex": 2,
                    "propertyKey": "linkedinSource",
                    "pw": {
                        "access": "readwrite",
                        "category": "widget",
                        "displayName": "Linkedin Icon",
                        "srcWidget": "imgLinkedIn",
                        "type": "string",
                        "uiConfig": {
                            "Button": {
                                "dataRetrieverId": "Imagelist",
                                "dataUpdaterId": "Imagelist",
                                "popupId": "Imagelist",
                                "type": "ImageEditBtn"
                            },
                            "Label": {}
                        },
                        "uiRepresentation": "Label-Label-Button",
                        "wType": "Image"
                    },
                    "srcWgtKUID": "c164d468402242d881b840ac74c6c1b9"
                },
                {
                    "access": "Enable",
                    "group": "Password Properties",
                    "kuid": "acc0e11c4f724884bfb5d7475591ef2b",
                    "originalPropertyKey": "maxTextLength",
                    "propertyIndex": 2,
                    "propertyKey": "passwordMaxChar",
                    "pw": {
                        "access": "readwrite",
                        "category": "widget",
                        "displayName": "Password Max Characters",
                        "srcWidget": "tbxPassword",
                        "type": "integer",
                        "uiRepresentation": "Label-Textbox",
                        "wType": "TextField"
                    },
                    "srcWgtKUID": "cef4b5d91eb6484286324bd4aa00811e"
                },
                {
                    "access": "Enable",
                    "group": "Logo Properties",
                    "kuid": "dae7dbbbe0e4420599701182dfd37b50",
                    "originalPropertyKey": "imageScaleMode",
                    "propertyIndex": 2,
                    "propertyKey": "logoScaleMode",
                    "pw": {
                        "access": "readwrite",
                        "category": "widget",
                        "displayName": "Logo Scale Mode",
                        "srcWidget": "imgLogo",
                        "type": "enum",
                        "uiRepresentation": "Label-Combobox",
                        "wType": "Image"
                    },
                    "srcWgtKUID": "a4ac20b92ce749369d921131f8b509ab"
                },
                {
                    "access": "Enable",
                    "group": "Signin Options",
                    "kuid": "ca57fc0bb24a4ed181c84f2ad7080a8f",
                    "originalPropertyKey": "text",
                    "propertyIndex": 2,
                    "propertyKey": "forgotPasswordText",
                    "pw": {
                        "access": "readwrite",
                        "category": "look",
                        "displayName": "Forgot Password Text",
                        "srcWidget": "btnForgotPassword",
                        "type": "string",
                        "uiRepresentation": "Label-Textbox",
                        "wType": "Button"
                    },
                    "srcWgtKUID": "b2de6f8330d14c2489a31088725ac514"
                },
                {
                    "access": "Enable",
                    "group": "Office365",
                    "kuid": "e4ff2e2977814f54bb9fa9342b1e9deb",
                    "originalPropertyKey": "src",
                    "propertyIndex": 2,
                    "propertyKey": "office365Source",
                    "pw": {
                        "access": "readwrite",
                        "category": "widget",
                        "displayName": "Office365 Icon",
                        "srcWidget": "imgOffice365",
                        "type": "string",
                        "uiConfig": {
                            "Button": {
                                "dataRetrieverId": "Imagelist",
                                "dataUpdaterId": "Imagelist",
                                "popupId": "Imagelist",
                                "type": "ImageEditBtn"
                            },
                            "Label": {}
                        },
                        "uiRepresentation": "Label-Label-Button",
                        "wType": "Image"
                    },
                    "srcWgtKUID": "he5fc1573bfc411f8922c76c4b6d7cde"
                },
                {
                    "access": "Enable",
                    "group": "Signin Options",
                    "kuid": "j991c177386443c2985daeee67b3e2af",
                    "originalPropertyKey": "isVisible",
                    "propertyIndex": 3,
                    "propertyKey": "remembermeProperty",
                    "pw": {
                        "access": "readwrite",
                        "category": "look",
                        "displayName": "Enable Remember Me",
                        "srcWidget": "flxRememberMe",
                        "type": "boolean",
                        "uiRepresentation": "Label-Radiobuttongroup",
                        "wType": "FlexContainer"
                    },
                    "srcWgtKUID": "ff579d5517a3414aa5cc0f2912f33f0a"
                },
                {
                    "access": "Enable",
                    "group": "Office365",
                    "kuid": "ff371dd3f35149fca0fe8fb686a11e5f",
                    "originalPropertyKey": "centerX",
                    "propertyIndex": 3,
                    "propertyKey": "office365CenterX",
                    "pw": {
                        "access": "readwrite",
                        "category": "look",
                        "defaultValue": {
                            "type": "string",
                            "value": ""
                        },
                        "displayName": "Office365 Icon CenterX",
                        "forkablePlatforms": {
                            "desktop": [
                                "kiosk",
                                "desktopweb"
                            ],
                            "mobile": [
                                "iphone",
                                "android",
                                "winphone8",
                                "spa"
                            ],
                            "tablet": [
                                "ipad",
                                "android",
                                "windows8",
                                "spa"
                            ]
                        },
                        "srcWidget": "flxOffice365",
                        "type": "object",
                        "uiRepresentation": "Label-Textbox-Combobox",
                        "wType": "FlexContainer"
                    },
                    "srcWgtKUID": "j5327bd254d0417284300f18efec6c3e"
                },
                {
                    "access": "Enable",
                    "group": "Login Options",
                    "kuid": "c10ca842089d46829e571262fe850417",
                    "originalPropertyKey": "centerY",
                    "propertyIndex": 3,
                    "propertyKey": "touchIdCenterY",
                    "pw": {
                        "access": "readwrite",
                        "category": "look",
                        "defaultValue": {
                            "type": "string",
                            "value": ""
                        },
                        "displayName": "Touch ID Icon Center Y",
                        "forkablePlatforms": {
                            "desktop": [
                                "kiosk",
                                "desktopweb"
                            ],
                            "mobile": [
                                "iphone",
                                "android",
                                "winphone8",
                                "spa"
                            ],
                            "tablet": [
                                "ipad",
                                "android",
                                "windows8",
                                "spa"
                            ]
                        },
                        "srcWidget": "flxTouchId",
                        "type": "object",
                        "uiRepresentation": "Label-Textbox-Combobox",
                        "wType": "FlexContainer"
                    },
                    "srcWgtKUID": "h8acbf5c60e54bbb996b0bafbecf7855"
                },
                {
                    "access": "Enable",
                    "group": "Password Properties",
                    "kuid": "b5738ec920454b1588f4783a6eeb66f6",
                    "originalPropertyKey": "textInputMode",
                    "propertyIndex": 3,
                    "propertyKey": "passwordInputMode",
                    "pw": {
                        "access": "readwrite",
                        "category": "widget",
                        "displayName": "Password Input Mode",
                        "srcWidget": "tbxPassword",
                        "type": "enum",
                        "uiConfig": {
                            "Combobox": {
                                "masterData": [
                                    [
                                        "Any",
                                        "A"
                                    ],
                                    [
                                        "Numeric Only",
                                        "N"
                                    ]
                                ]
                            },
                            "Label": {}
                        },
                        "uiRepresentation": "Label-Combobox",
                        "wType": "TextField"
                    },
                    "srcWgtKUID": "cef4b5d91eb6484286324bd4aa00811e"
                },
                {
                    "access": "Enable",
                    "group": "Username Properties",
                    "kuid": "ic3ba0787cc24f55a0fe50f3dad4e957",
                    "originalPropertyKey": "textInputMode",
                    "propertyIndex": 3,
                    "propertyKey": "usernameInputMode",
                    "pw": {
                        "access": "readwrite",
                        "category": "widget",
                        "displayName": "Username Input Mode",
                        "srcWidget": "tbxUsername",
                        "type": "enum",
                        "uiConfig": {
                            "Combobox": {
                                "masterData": [
                                    [
                                        "Any",
                                        "A"
                                    ],
                                    [
                                        "Numeric Only",
                                        "N"
                                    ]
                                ]
                            },
                            "Label": {}
                        },
                        "uiRepresentation": "Label-Combobox",
                        "wType": "TextField"
                    },
                    "srcWgtKUID": "ba4d8931f18a4668a1925e427654036d"
                },
                {
                    "access": "Enable",
                    "group": "LinkedIn",
                    "kuid": "hfcd9fd0f4e04dca9ba36888820b12e9",
                    "originalPropertyKey": "centerX",
                    "propertyIndex": 3,
                    "propertyKey": "linkedinCenterX",
                    "pw": {
                        "access": "readwrite",
                        "category": "look",
                        "defaultValue": {
                            "type": "string",
                            "value": ""
                        },
                        "displayName": "LinkedIn Icon CenterX",
                        "forkablePlatforms": {
                            "desktop": [
                                "kiosk",
                                "desktopweb"
                            ],
                            "mobile": [
                                "iphone",
                                "android",
                                "winphone8",
                                "spa"
                            ],
                            "tablet": [
                                "ipad",
                                "android",
                                "windows8",
                                "spa"
                            ]
                        },
                        "srcWidget": "flxLinkedin",
                        "type": "object",
                        "uiRepresentation": "Label-Textbox-Combobox",
                        "wType": "FlexContainer"
                    },
                    "srcWgtKUID": "a045f8dd5e154608b8fc97111029c516"
                },
                {
                    "access": "Enable",
                    "group": "Facebook ",
                    "kuid": "d37ca0510eca4c7ca885b0adece49fb6",
                    "originalPropertyKey": "centerX",
                    "propertyIndex": 3,
                    "propertyKey": "facebookCenterX",
                    "pw": {
                        "access": "readwrite",
                        "category": "look",
                        "defaultValue": {
                            "type": "string",
                            "value": ""
                        },
                        "displayName": "Facebook Icon CenterX",
                        "forkablePlatforms": {
                            "desktop": [
                                "kiosk",
                                "desktopweb"
                            ],
                            "mobile": [
                                "iphone",
                                "android",
                                "winphone8",
                                "spa"
                            ],
                            "tablet": [
                                "ipad",
                                "android",
                                "windows8",
                                "spa"
                            ]
                        },
                        "srcWidget": "flxFacebook",
                        "type": "object",
                        "uiRepresentation": "Label-Textbox-Combobox",
                        "wType": "FlexContainer"
                    },
                    "srcWgtKUID": "a3f2635a7b1148f0a25c7ea99ae7925d"
                },
                {
                    "access": "Enable",
                    "group": "Login Options",
                    "kuid": "d275bf607eaf42099b3dba984f9352e5",
                    "originalPropertyKey": "centerY",
                    "propertyIndex": 4,
                    "propertyKey": "socialLoginCenterY",
                    "pw": {
                        "access": "readwrite",
                        "category": "look",
                        "defaultValue": {
                            "type": "string",
                            "value": ""
                        },
                        "displayName": "Social Login Icon Center Y",
                        "forkablePlatforms": {
                            "desktop": [
                                "kiosk",
                                "desktopweb"
                            ],
                            "mobile": [
                                "iphone",
                                "android",
                                "winphone8",
                                "spa"
                            ],
                            "tablet": [
                                "ipad",
                                "android",
                                "windows8",
                                "spa"
                            ]
                        },
                        "srcWidget": "flxSocialLogin",
                        "type": "object",
                        "uiRepresentation": "Label-Textbox-Combobox",
                        "wType": "FlexContainer"
                    },
                    "srcWgtKUID": "ia9cb1844c1e4a14933adfe44a01f223"
                }
            ]
        },
        "widgets": {
            "expose": [],
            "passthrough": []
        }
    },
    "namespace": "com.konymp",
    "version": "1.0.0"
}