{
    "@class": "com.kony.gen.viz.model.component.KVizUserWidget",
    "DNDConfig": null,
    "__parentReadjusting__": false,
    "_children_": [],
    "_height_": {
        "type": "string",
        "value": "100%"
    },
    "_left_": {
        "type": "string",
        "value": "0dp"
    },
    "_margin_": [
        0,
        0,
        0,
        0
    ],
    "_orientation_": 1,
    "_padding_": [
        0,
        0,
        0,
        0
    ],
    "_percent_": true,
    "_render_": true,
    "_skin_": "s4126c6161db41d39a5bc9a8463b5402",
    "_top_": {
        "type": "string",
        "value": "0dp"
    },
    "_width_": {
        "type": "string",
        "value": "100%"
    },
    "canUpdateUI": true,
    "clipbounds": true,
    "containerweight": 0,
    "data": {
        "flxTargetContainer": {
            "children": [
                "flexMain",
                "flexAirportSearch",
                "flexNumberOfPassengersSelector"
            ],
            "targetContainerInfo": true
        },
        "footerStyle": "only Text",
        "footerText": "Logout",
        "footerTextSkin": "s2791474e915410e83e6e4cd6af03b3f",
        "headingLeft": {
            "Default": {
                "type": "string",
                "value": "10%"
            }
        },
        "headingSkin": "scd66bcf2d8d44ccb95d41a4a1d5366f",
        "headingText": "Jeffery Harris",
        "headingTop": {
            "Default": {
                "type": "string",
                "value": "20%"
            }
        },
        "ide_onMenuItemClick": "AS_UWI_eb2fedeb6a58404493dcd3365e4b876e",
        "menuItemTextSkin": "s577863a1b8a406196298e449bb480d7",
        "menuOptions": {
            "data": [
                {
                    "menuItemIcon": "trip.png",
                    "menuItemName": "My Trips"
                },
                {
                    "menuItemIcon": "plane_icon.png",
                    "menuItemName": "Find Flight"
                },
                {
                    "menuItemIcon": "hotel_icon.png",
                    "menuItemName": "Find Hotel"
                },
                {
                    "menuItemIcon": "car_icon.png",
                    "menuItemName": "Find Car"
                },
                {
                    "menuItemIcon": "package_icon.png",
                    "menuItemName": "Package"
                },
                {
                    "menuItemIcon": "wand_icon.png",
                    "menuItemName": "Inspire Me"
                }
            ],
            "schema": [
                {
                    "columnHeaderTemplate": null,
                    "columnHeaderText": "Menu Item Name",
                    "columnHeaderType": "text",
                    "columnID": "menuItemName",
                    "columnOnClick": null,
                    "columnText": "Not Defined",
                    "columnType": "text",
                    "kuid": "f8ade95d4f564430ad3314aa8392f025"
                },
                {
                    "columnHeaderTemplate": null,
                    "columnHeaderText": "Menu Item Icon",
                    "columnHeaderType": "text",
                    "columnID": "menuItemIcon",
                    "columnOnClick": null,
                    "columnText": "Not Defined",
                    "columnType": "image",
                    "kuid": "ed67cd7bd0bb449db2118f45df628dfe"
                }
            ]
        },
        "profileImageIsVisible": false,
        "slidingMenuSkin": "se55356a0cb84f5e818b763dae255a45",
        "subHeadingLeft": {
            "Default": {
                "type": "string",
                "value": "10%"
            }
        },
        "subHeadingSkin": "sd74a326b07e41d9942e562bd3473e10",
        "subHeadingText": "Platinum Member Since 2004",
        "subHeadingTop": {
            "Default": {
                "type": "string",
                "value": "45%"
            }
        }
    },
    "id": "slidingmenu",
    "info": null,
    "isvisible": true,
    "kuid": "f5852e25c1474e508df57dfabae04993",
    "layouttype": 2,
    "masterType": 1,
    "name": "kony.ui.UserWidgetInstance",
    "parent": "frmFindFlight",
    "pf": "frmFindFlight",
    "snaptogrid": true,
    "sourceUserWidget": "m8e464bb908946d5a8beecad6f314755",
    "wType": "UserWidgetInstance",
    "zindex": 99
}