<?xml version="1.0" encoding="UTF-8" standalone="yes"?>
<plugins>
    <pluginInfo version-no="8.0.2.v201710270827" plugin-id="com.kony.ide.paas.branding" plugin-name="Branding"/>
    <pluginInfo version-no="8.0.1.v201710100839" plugin-id="com.pat.tool.keditor" plugin-name="Kony Studio"/>
    <pluginInfo version-no="8.0.0.v201709062019" plugin-id="com.kony.thirdparty.jars" plugin-name="Third Party Jars Plug-in"/>
    <pluginInfo version-no="8.0.0.v201709062019" plugin-id="com.pat.soapui" plugin-name="Soap UI Plugin"/>
    <pluginInfo version-no="8.0.0.v201709081740" plugin-id="com.kony.codegen" plugin-name="Kony Codegenerator"/>
    <pluginInfo version-no="8.0.0.v201709062019" plugin-id="com.kony.license" plugin-name="Kony Studio Licensing"/>
    <pluginInfo version-no="8.0.0.GA_v201709141404_r0" plugin-id="com.kony.cloudmiddleware" plugin-name="CloudMiddlewarePlugin"/>
    <pluginInfo version-no="8.0.0.GA_v201709141404_r0" plugin-id="com.kony.cloudthirdparty" plugin-name="CloudThirdPartyPlugin"/>
    <pluginInfo version-no="8.0.1.v201710101503" plugin-id="com.kony.viz.ide" plugin-name="Visualizer Integration Plugin"/>
    <pluginInfo version-no="8.0.0.v201709081322" plugin-id="com.kony.studio.cloud" plugin-name="Kony Studio Cloud Integration"/>
    <pluginInfo version-no="8.0.0.v201709121919" plugin-id="com.kony.fpreview" plugin-name="Kony Functional Preview Plugin"/>
    <pluginInfo version-no="8.0.1.v201710100826" plugin-id="com.kony.studio.viz.api" plugin-name="StudioViz API"/>
    <pluginInfo version-no="8.0.1.v201710100826" plugin-id="com.kony.studio.viz.chrome.api" plugin-name="StudioViz Chrome API"/>
    <pluginInfo version-no="8.0.1.v201710100826" plugin-id="com.kony.studio.viz.chrome.mac64" plugin-name="StudioViz Chrome"/>
    <pluginInfo version-no="8.0.1.v201710100826" plugin-id="com.kony.studio.viz.core.mac64" plugin-name="StudioViz Core"/>
    <pluginInfo version-no="8.0.1.v201710100826" plugin-id="com.kony.studio.viz.nodejs.mac64" plugin-name="StudioViz NodeJS"/>
    <pluginInfo version-no="8.0.0.v201709062110" plugin-id="com.kony.reference.architecture" plugin-name="Reference Architecture"/>
    <pluginInfo version-no="8.0.1.v201710102305" plugin-id="com.pat.tabrcandroid" plugin-name="Tablet Android"/>
    <pluginInfo version-no="8.0.1.v201710102305" plugin-id="com.pat.android" plugin-name="Android"/>
    <pluginInfo version-no="8.0.0.v201709121455" plugin-id="com.kony.spa" plugin-name="SPA"/>
    <pluginInfo version-no="8.0.0.v201709121449" plugin-id="com.kony.desktopweb" plugin-name="Kony Desktop Web"/>
    <pluginInfo version-no="8.0.0.201709061514" plugin-id="com.kony.webcommons" plugin-name="Kony Web Commons"/>
    <pluginInfo version-no="8.0.2.v201710261243" plugin-id="com.kony.ios" plugin-name="iOS Plugin"/>
    <pluginInfo version-no="8.0.1.v201710121352" plugin-id="com.kony.mobile.fabric.client.sdk" plugin-name="MobileFabric Client SDK"/>
</plugins>
