{"Notification":{"sendNotification":{"servicename":"Notification","serviceid":"24f9eb90-d2af-4065-b0a1-53a03b4201e6","type":"orchestration","operationname":"sendNotification","operationid":"1693363"}},"Amadeus":{"Airport_Autocomplete":{"servicename":"Amadeus","serviceid":"5a75e5f4-5bbf-40a1-8f27-5ce22b1c92c7","type":"integration","operationname":"Airport_Autocomplete","operationid":"1909900"},"Hotel_Airport_Search":{"servicename":"Amadeus","serviceid":"5a75e5f4-5bbf-40a1-8f27-5ce22b1c92c7","type":"integration","operationname":"Hotel_Airport_Search","operationid":"1909901"},"Hotel_Geosearch_By_Circle":{"servicename":"Amadeus","serviceid":"5a75e5f4-5bbf-40a1-8f27-5ce22b1c92c7","type":"integration","operationname":"Hotel_Geosearch_By_Circle","operationid":"1909902"},"Car_Rental_Airport_Search":{"servicename":"Amadeus","serviceid":"5a75e5f4-5bbf-40a1-8f27-5ce22b1c92c7","type":"integration","operationname":"Car_Rental_Airport_Search","operationid":"1909903"},"Car_Rental_Geosearch":{"servicename":"Amadeus","serviceid":"5a75e5f4-5bbf-40a1-8f27-5ce22b1c92c7","type":"integration","operationname":"Car_Rental_Geosearch","operationid":"1909904"},"Hotel_Geosearch_By_Box":{"servicename":"Amadeus","serviceid":"5a75e5f4-5bbf-40a1-8f27-5ce22b1c92c7","type":"integration","operationname":"Hotel_Geosearch_By_Box","operationid":"1909905"},"Flight_Affiliate_Search":{"servicename":"Amadeus","serviceid":"5a75e5f4-5bbf-40a1-8f27-5ce22b1c92c7","type":"integration","operationname":"Flight_Affiliate_Search","operationid":"1909906"}},"MBaasAuthentication":{"login":{"servicename":"MBaasAuthentication","serviceid":"f003ee4d-3124-469e-bfa1-4e66cea916d2","type":"integration","operationname":"login","operationid":"1690491"}},"PushNotification":{"pushMessage":{"servicename":"PushNotification","serviceid":"cd7fea10-6c54-4c75-972a-8acaea5cfc4d","type":"integration","operationname":"pushMessage","operationid":"1690487"}}}