{
    "NativeFunctionAPI": {
        "iOS": {
            "10.0": {
                "Kony_SyncV2-iOS-10.0": {
                    "title": "Kony_SyncV2",
                    "platform": "iOS",
                    "os": "10.0",
                    "url": "/Users/kh145/Kony/VisualizerEnterprise/80GA/workspace/.imports/.temp/import922736805/nativebindings/iOS/10.0/Kony_SyncV2-iOS-10.0.zip",
                    "filepath": "/Users/kh145/Kony/VisualizerEnterprise/80GA/workspace/KonyTravelApp/nativebindings/iOS/10.0/Kony_SyncV2-iOS-10.0.zip",
                    "enable": true
                }
            },
            "11.0": {
                "Kony_SyncV2-iOS-11.0": {
                    "title": "Kony_SyncV2",
                    "platform": "iOS",
                    "os": "11.0",
                    "url": "/Users/kh145/Kony/VisualizerEnterprise/80GA/KonyVisualizerEnterprise8/Kony_Visualizer_Enterprise/configuration/org.eclipse.osgi/bundles/477/1/.cp/resources/sdk/nativeBindings/Kony_SyncV2-iOS-11.0.zip",
                    "filepath": "/Users/kh145/Kony/VisualizerEnterprise/80GA/workspace/KonyTravelApp/nativebindings/iOS/11.0/Kony_SyncV2-iOS-11.0.zip",
                    "enable": true
                }
            }
        },
        "Android": {
            "4.0": {
                "Kony_SyncV2-Android-4.0": {
                    "title": "Kony_SyncV2",
                    "platform": "Android",
                    "os": "4.0",
                    "url": "/Users/kh145/Kony/VisualizerEnterprise/80GA/KonyVisualizerEnterprise8/Kony_Visualizer_Enterprise/configuration/org.eclipse.osgi/bundles/458/1/.cp/resources/sdk/nativeBindings/Kony_SyncV2-Android-4.0.zip",
                    "filepath": "/Users/kh145/Kony/VisualizerEnterprise/80GA/workspace/KonyTravelApp/nativebindings/Android/4.0/Kony_SyncV2-Android-4.0.zip",
                    "enable": true
                }
            }
        }
    }
}