{
    "mwaddrkey": "",
    "wap_android360_fontsize": "12",
    "isA11yConfigEnabled": false,
    "watchos_notificationcentericon_42": "",
    "wap_android440_fontsize": "12",
    "defaultlocalekey": "en_US",
    "apppackagekey": "",
    "nativeContainerProperties": {
        "isModified": true,
        "isEnableJSContainer": true,
        "isEnableJSContainerAndroid": true,
        "isEnableJSContaineriOS": true
    },
    "wap_android400_fontsize": "12",
    "wap_spaandroidtabhdpi_fontsize": "12",
    "watchos_homeScreen40": "",
    "cordovaVersionInfo": {
        "cordovaVersion": "6.3.1",
        "useGlobalCordova": true
    },
    "appversionkey": "1.0.0",
    "project.type": "js",
    "startupformkey": "j3b22d7da81c45b8a29abbf112863155",
    "wap_bb480_fontsize": "12",
    "wap_winphone480_fontsize": "12",
    "enableCustomData": false,
    "wap_android640_fontsize": "12",
    "vendornamekey": "KonyLabs",
    "wap_android320_fontsize": "12",
    "createdgaversion": "8.0.0",
    "watchos_notificationcentericon_38": "",
    "isMVC": true,
    "watchos_shortlooknotificationicon_42": "",
    "enableactionbar": false,
    "wap_android480_fontsize": "12",
    "mastersProperties": {
        "mastersVersion": "2.0.0"
    },
    "wap_winphone320_fontsize": "12",
    "watchos_longlooknotificationicon_42": "",
    "watchos_companionSettings3x29": "",
    "appmenu": {
        "tablet": {
            "data": [
                {
                    "windows8": {
                        "appBarButtonStyle": "No Style",
                        "position": "BOTTOM_LEFT"
                    },
                    "android": {
                        "showAsFlag": 0
                    },
                    "kuid": "f7623c2bf712465991c8e550921a0333",
                    "icon": {
                        "default": "option1.png"
                    },
                    "id": "appmenuitemid1",
                    "title": "Item 1"
                },
                {
                    "windows8": {
                        "appBarButtonStyle": "No Style",
                        "position": "BOTTOM_LEFT"
                    },
                    "android": {
                        "showAsFlag": 0
                    },
                    "kuid": "c7f95ba2ba83436bafc8eb1203c69cb6",
                    "icon": {
                        "default": "option2.png"
                    },
                    "id": "appmenuitemid2",
                    "title": "Item 2"
                },
                {
                    "windows8": {
                        "appBarButtonStyle": "No Style",
                        "position": "BOTTOM_LEFT"
                    },
                    "android": {
                        "showAsFlag": 0
                    },
                    "kuid": "g024aa15b73546fa9a3126c70ce4f7a1",
                    "icon": {
                        "default": "option3.png"
                    },
                    "id": "appmenuitemid3",
                    "title": "Item 3"
                },
                {
                    "windows8": {
                        "appBarButtonStyle": "No Style",
                        "position": "BOTTOM_LEFT"
                    },
                    "android": {
                        "showAsFlag": 0
                    },
                    "kuid": "j2061edec43e4e41b725b9d7cac17bff",
                    "icon": {
                        "default": "option4.png"
                    },
                    "id": "appmenuitemid4",
                    "title": "Item 4"
                }
            ]
        },
        "desktop": {
            "data": [
                {
                    "kuid": "ae68651419cf4cdbb1bf17f2ed942b7a",
                    "icon": {
                        "default": "option1.png"
                    },
                    "id": "appmenuitemid1",
                    "title": "Item 1"
                },
                {
                    "kuid": "ha382ff4c242462f9888bb35201b3df1",
                    "icon": {
                        "default": "option2.png"
                    },
                    "id": "appmenuitemid2",
                    "title": "Item 2"
                },
                {
                    "kuid": "b3d102b8dd7e42718715ac0d0cd55992",
                    "icon": {
                        "default": "option3.png"
                    },
                    "id": "appmenuitemid3",
                    "title": "Item 3"
                },
                {
                    "kuid": "a2f36ef6326d4a8aa2d2bcfe93a2bcf3",
                    "icon": {
                        "default": "option4.png"
                    },
                    "id": "appmenuitemid4",
                    "title": "Item 4"
                }
            ]
        },
        "focusskin": null,
        "osVersion": "iOS7",
        "wType": "Appmenu",
        "focusSkin": null,
        "mobile": {
            "data": [
                {
                    "kuid": "g628c32f40eb474d85f671bc3724a996",
                    "android": {
                        "showAsFlag": 0
                    },
                    "icon": {
                        "default": "option1.png"
                    },
                    "id": "appmenuitemid1",
                    "title": "Item 1"
                },
                {
                    "kuid": "geb0cc08573641c8ad03ce53498a624c",
                    "android": {
                        "showAsFlag": 0
                    },
                    "icon": {
                        "default": "option2.png"
                    },
                    "id": "appmenuitemid2",
                    "title": "Item 2"
                },
                {
                    "kuid": "ddf660e70f294d9385c02c932b4f4170",
                    "android": {
                        "showAsFlag": 0
                    },
                    "icon": {
                        "default": "option3.png"
                    },
                    "id": "appmenuitemid3",
                    "title": "Item 3"
                },
                {
                    "kuid": "fd715ed88f874dd691ebac841b1db348",
                    "android": {
                        "showAsFlag": 0
                    },
                    "icon": {
                        "default": "option4.png"
                    },
                    "id": "appmenuitemid4",
                    "title": "Item 4"
                }
            ]
        },
        "skin": null,
        "osPlatform": ""
    },
    "wap_spaipad_fontsize": "12",
    "mwportkey": "",
    "cordovaModified": false,
    "watchos_watchMarketing1x": "",
    "mwhttpsportkey": "",
    "wap_bb440_fontsize": "12",
    "wap_bb400_fontsize": "12",
    "appidkey": "KonyTravelApp",
    "statusBarHidden": "false",
    "wap_bb360_fontsize": "12",
    "isNewAppWithRespectToAndroidPackageName": "",
    "wap_spawindowstab_fontsize": "12",
    "defaulttheme": "defaultTheme",
    "watchos_companionSettings2x29": "",
    "watchos_shortlooknotificationicon_38": "",
    "appaddrkey": "",
    "appnamekey": "KonyTravelApp",
    "currentgaversion": "8.0.0",
    "wap_bb320_fontsize": "12",
    "enableCordova": true,
    "wap_bb240_fontsize": "12",
    "enableIdForAutomation": false,
    "mfappguid": {
        "abcdda10-2e49-44ff-b34d-bb96bb0395bb": "623d424a-1d75-4318-8025-38e7640efe6f",
        "df2e7233-4904-41c2-97d0-923a62269ca3": "6bc51492-8c81-4a01-82c3-3a15ac9a2427",
        "9645cb41-6d99-41d9-a8b0-b503e9dcf598": "e5e4a3a5-a7bc-4c3d-9330-a35c0374ba06",
        "dde09d15-b97d-4af6-b9ce-01133e3979f3": "fab27a79-88eb-45e4-9cd8-f864eb02a91a"
    },
    "desktopwebbasefontsize": "12",
    "wap_android240_fontsize": "12",
    "wap_spaandroidtabldpi_fontsize": "12",
    "wap_spaandroidtabmdpi_fontsize": "12",
    "konyVizVersion": "8.0.0",
    "isDpScaleFactor": true,
    "wap_spaandroidtab_fontsize": "12",
    "referenceWidth": "375",
    "winmobileguidkey": "",
    "APPLICATION_THEME": "default",
    "build": "debug",
    "project_version": "sprint29",
    "wap_ip_fontsize": "12",
    "category": "app",
    "createdVizVersion": "8.0.0",
    "export.type": "studioviz"
}