<?xml version="1.0" encoding="UTF-8" standalone="yes"?>
<service serviceGroup="" cachable="false" cacheduration="" endpoint="default" groupType="" id="Airport_Autocomplete" passwordencrypted="false" security="public" type="dataAdapterConnector" smscode="" smsenabled="false">
    <service-config>
        <config-param api-version="" appid="" name="preprocessorname" value=""/>
        <config-param api-version="" appid="" name="postprocessorname" value=""/>
        <config-param api-version="" appid="" name="preprocessorJS" value=""/>
        <config-param api-version="" appid="" name="postprocessorJS" value=""/>
        <config-param api-version="" appid="" name="endpointUrl" value=""/>
        <config-param api-version="" appid="" name="opcode" value="service"/>
        <config-param api-version="" appid="" name="sockettimeout" value=""/>
        <config-param api-version="" appid="" name="entitymetadata" value="{&quot;name&quot;:&quot;Airport_Autocomplete&quot;,&quot;serviceType&quot;:&quot;com.kony.adapter.swagger.SwaggerService&quot;}"/>
        <config-param api-version="" appid="" name="metadataformatterobject" value="{&quot;serviceType&quot;:&quot;com.kony.adapter.swagger.SwaggerService&quot;,&quot;serviceOutput&quot;:[{&quot;name&quot;:&quot;label&quot;},{&quot;name&quot;:&quot;value&quot;}],&quot;qualifiedName&quot;:&quot;Airport_Autocomplete&quot;,&quot;name&quot;:&quot;Airport_Autocomplete&quot;,&quot;serviceInput&quot;:[{&quot;name&quot;:&quot;term&quot;},{&quot;name&quot;:&quot;country&quot;},{&quot;name&quot;:&quot;all_airports&quot;}]}"/>
        <config-param api-version="" appid="" name="http_auth_mode" value="none"/>
        <config-param api-version="" appid="" name="apikey" value="BKEuoMutfOAwQ7e9AG1Y1almTzATKHVO"/>
        <config-param api-version="" appid="" name="authservicetype" value="IdentityProvider"/>
        <config-param api-version="" appid="" name="adaptertype" value="CUSTOM"/>
        <config-param api-version="" appid="" name="zipName" value="amadeus.zip"/>
        <config-param api-version="" appid="" name="basepackage" value="com.kony.adapter.swagger"/>
        <config-param api-version="" appid="" name="identityProviderType" value=""/>
        <config-param api-version="" appid="" name="identityProvider" value=""/>
    </service-config>
    <service-input passthrough="false">
        <header datatype="" name="" passthrough="false"/>
        <param datatype="string" defaultvalue="" description="" encode="true" format="None" formatvalue="" name="term" order="" passnull="true" sms-name="" src="request" sourcevalue="" srcformatvalue="" target="request" targetdatatype="java.lang.String" testvalue="lon" value="">
            <accessType></accessType>
        </param>
        <param datatype="boolean" defaultvalue="" description="" encode="true" format="None" formatvalue="" name="all_airports" order="" passnull="true" sms-name="" src="request" sourcevalue="" srcformatvalue="" target="request" targetdatatype="java.lang.String" testvalue="true" value="">
            <accessType></accessType>
        </param>
        <template-param datatype="" defaultvalue="" description="" encode="false" format="" formatvalue="" name="criteria" order="" sms-name="" src="" sourcevalue="" srcformatvalue="" target="" targetdatatype="" value="">
            <accessType></accessType>
        </template-param>
    </service-input>
    <service-output passthrough="false">
        <param datatype="string" defaultvalue="" description="" encode="true" format="None" formatvalue="" name="label" order="" passnull="false" sms-name="" src="" sourcevalue="" srcformatvalue="" target="response" targetdatatype="java.lang.String" testvalue="" value="">
            <accessType></accessType>
        </param>
        <param datatype="string" defaultvalue="" description="" encode="true" format="None" formatvalue="" name="value" order="" passnull="false" sms-name="" src="" sourcevalue="" srcformatvalue="" target="response" targetdatatype="java.lang.String" testvalue="" value="">
            <accessType></accessType>
        </param>
    </service-output>
</service>
