<?xml version="1.0" encoding="UTF-8" standalone="yes"?>
<service serviceGroup="" cachable="false" cacheduration="" endpoint="default" groupType="" id="Car_Rental_Airport_Search" passwordencrypted="false" security="authorized_app_user" type="dataAdapterConnector" smscode="" smsenabled="false">
    <service-config>
        <config-param api-version="" appid="" name="preprocessorname" value=""/>
        <config-param api-version="" appid="" name="postprocessorname" value=""/>
        <config-param api-version="" appid="" name="preprocessorJS" value=""/>
        <config-param api-version="" appid="" name="postprocessorJS" value=""/>
        <config-param api-version="" appid="" name="endpointUrl" value=""/>
        <config-param api-version="" appid="" name="opcode" value="service"/>
        <config-param api-version="" appid="" name="sockettimeout" value=""/>
        <config-param api-version="" appid="" name="entitymetadata" value="{&quot;name&quot;:&quot;Car_Rental_Airport_Search&quot;,&quot;serviceType&quot;:&quot;com.kony.adapter.swagger.SwaggerService&quot;}"/>
        <config-param api-version="" appid="" name="metadataformatterobject" value="{&quot;serviceType&quot;:&quot;com.kony.adapter.swagger.SwaggerService&quot;,&quot;serviceOutput&quot;:[{&quot;name&quot;:&quot;results&quot;,&quot;serviceElementTypeList&quot;:[{&quot;name&quot;:&quot;airport&quot;},{&quot;name&quot;:&quot;cars&quot;,&quot;serviceElementTypeList&quot;:[{&quot;name&quot;:&quot;estimated_total&quot;,&quot;serviceElementTypeList&quot;:[{&quot;name&quot;:&quot;amount&quot;},{&quot;name&quot;:&quot;currency&quot;}]},{&quot;name&quot;:&quot;images&quot;,&quot;serviceElementTypeList&quot;:[{&quot;name&quot;:&quot;category&quot;},{&quot;name&quot;:&quot;height&quot;},{&quot;name&quot;:&quot;url&quot;},{&quot;name&quot;:&quot;width&quot;}]},{&quot;name&quot;:&quot;rates&quot;,&quot;serviceElementTypeList&quot;:[{&quot;name&quot;:&quot;price&quot;,&quot;serviceElementTypeList&quot;:[{&quot;name&quot;:&quot;amount&quot;},{&quot;name&quot;:&quot;currency&quot;}]},{&quot;name&quot;:&quot;type&quot;}]},{&quot;name&quot;:&quot;vehicle_info&quot;,&quot;serviceElementTypeList&quot;:[{&quot;name&quot;:&quot;acriss_code&quot;},{&quot;name&quot;:&quot;air_conditioning&quot;},{&quot;name&quot;:&quot;category&quot;},{&quot;name&quot;:&quot;fuel&quot;},{&quot;name&quot;:&quot;transmission&quot;},{&quot;name&quot;:&quot;type&quot;}]}]},{&quot;name&quot;:&quot;location&quot;,&quot;serviceElementTypeList&quot;:[{&quot;name&quot;:&quot;google_maps_link&quot;},{&quot;name&quot;:&quot;latitude&quot;},{&quot;name&quot;:&quot;longitude&quot;}]},{&quot;name&quot;:&quot;provider&quot;,&quot;serviceElementTypeList&quot;:[{&quot;name&quot;:&quot;company_code&quot;},{&quot;name&quot;:&quot;company_name&quot;}]}]}],&quot;qualifiedName&quot;:&quot;Car_Rental_Airport_Search&quot;,&quot;name&quot;:&quot;Car_Rental_Airport_Search&quot;,&quot;serviceInput&quot;:[{&quot;name&quot;:&quot;location&quot;},{&quot;name&quot;:&quot;pick_up&quot;},{&quot;name&quot;:&quot;drop_off&quot;},{&quot;name&quot;:&quot;lang&quot;},{&quot;name&quot;:&quot;currency&quot;},{&quot;name&quot;:&quot;provider&quot;},{&quot;name&quot;:&quot;rate_class&quot;},{&quot;name&quot;:&quot;rate_plan&quot;},{&quot;name&quot;:&quot;rate_filter&quot;},{&quot;name&quot;:&quot;vehicle&quot;}]}"/>
        <config-param api-version="" appid="" name="http_auth_mode" value="none"/>
        <config-param api-version="" appid="" name="apikey" value="BKEuoMutfOAwQ7e9AG1Y1almTzATKHVO"/>
        <config-param api-version="" appid="" name="authservicetype" value="IdentityProvider"/>
        <config-param api-version="" appid="" name="adaptertype" value="CUSTOM"/>
        <config-param api-version="" appid="" name="zipName" value="amadeus.zip"/>
        <config-param api-version="" appid="" name="basepackage" value="com.kony.adapter.swagger"/>
        <config-param api-version="" appid="" name="identityProviderType" value=""/>
        <config-param api-version="" appid="" name="identityProvider" value=""/>
    </service-config>
    <service-input passthrough="false">
        <header datatype="" name="" passthrough="false"/>
        <param datatype="string" defaultvalue="" description="" encode="true" format="None" formatvalue="" name="location" order="" passnull="true" sms-name="" src="request" sourcevalue="" srcformatvalue="" target="request" targetdatatype="java.lang.String" testvalue="HYD" value="">
            <accessType></accessType>
        </param>
        <param datatype="string" defaultvalue="" description="" encode="true" format="None" formatvalue="" name="pick_up" order="" passnull="true" sms-name="" src="request" sourcevalue="" srcformatvalue="" target="request" targetdatatype="java.lang.String" testvalue="2017-08-20" value="">
            <accessType></accessType>
        </param>
        <param datatype="string" defaultvalue="" description="" encode="true" format="None" formatvalue="" name="drop_off" order="" passnull="true" sms-name="" src="request" sourcevalue="" srcformatvalue="" target="request" targetdatatype="java.lang.String" testvalue="2017-08-22" value="">
            <accessType></accessType>
        </param>
        <param datatype="string" defaultvalue="" description="" encode="true" format="None" formatvalue="" name="lang" order="" passnull="true" sms-name="" src="request" sourcevalue="" srcformatvalue="" target="request" targetdatatype="java.lang.String" testvalue="" value="">
            <accessType></accessType>
        </param>
        <param datatype="string" defaultvalue="" description="" encode="true" format="None" formatvalue="" name="currency" order="" passnull="true" sms-name="" src="request" sourcevalue="" srcformatvalue="" target="request" targetdatatype="java.lang.String" testvalue="" value="">
            <accessType></accessType>
        </param>
        <param datatype="string" defaultvalue="" description="" encode="true" format="None" formatvalue="" name="provider" order="" passnull="true" sms-name="" src="request" sourcevalue="" srcformatvalue="" target="request" targetdatatype="java.lang.String" testvalue="" value="">
            <accessType></accessType>
        </param>
        <param datatype="string" defaultvalue="" description="" encode="true" format="None" formatvalue="" name="rate_class" order="" passnull="true" sms-name="" src="request" sourcevalue="" srcformatvalue="" target="request" targetdatatype="java.lang.String" testvalue="" value="">
            <accessType></accessType>
        </param>
        <param datatype="string" defaultvalue="" description="" encode="true" format="None" formatvalue="" name="rate_plan" order="" passnull="true" sms-name="" src="request" sourcevalue="" srcformatvalue="" target="request" targetdatatype="java.lang.String" testvalue="" value="">
            <accessType></accessType>
        </param>
        <param datatype="string" defaultvalue="" description="" encode="true" format="None" formatvalue="" name="rate_filter" order="" passnull="true" sms-name="" src="request" sourcevalue="" srcformatvalue="" target="request" targetdatatype="java.lang.String" testvalue="" value="">
            <accessType></accessType>
        </param>
        <param datatype="string" defaultvalue="" description="" encode="true" format="None" formatvalue="" name="vehicle" order="" passnull="true" sms-name="" src="request" sourcevalue="" srcformatvalue="" target="request" targetdatatype="java.lang.String" testvalue="" value="">
            <accessType></accessType>
        </param>
        <template-param datatype="" defaultvalue="" description="" encode="false" format="" formatvalue="" name="criteria" order="" sms-name="" src="" sourcevalue="" srcformatvalue="" target="" targetdatatype="" value="">
            <accessType></accessType>
        </template-param>
    </service-input>
    <service-output passthrough="false">
        <dataset id="results" order="" src="">
            <dataset id="cars" order="" src="">
                <dataset id="images" order="" src="">
                    <param datatype="string" defaultvalue="" description="" encode="true" format="None" formatvalue="" name="category" order="" passnull="false" sms-name="" src="" sourcevalue="" srcformatvalue="" target="response" targetdatatype="java.lang.String" testvalue="" value="">
                        <accessType></accessType>
                    </param>
                    <param datatype="number" defaultvalue="" description="" encode="true" format="None" formatvalue="" name="height" order="" passnull="false" sms-name="" src="" sourcevalue="" srcformatvalue="" target="response" targetdatatype="java.lang.String" testvalue="" value="">
                        <accessType></accessType>
                    </param>
                    <param datatype="string" defaultvalue="" description="" encode="true" format="None" formatvalue="" name="url" order="" passnull="false" sms-name="" src="" sourcevalue="" srcformatvalue="" target="response" targetdatatype="java.lang.String" testvalue="" value="">
                        <accessType></accessType>
                    </param>
                    <param datatype="number" defaultvalue="" description="" encode="true" format="None" formatvalue="" name="width" order="" passnull="false" sms-name="" src="" sourcevalue="" srcformatvalue="" target="response" targetdatatype="java.lang.String" testvalue="" value="">
                        <accessType></accessType>
                    </param>
                </dataset>
                <dataset id="rates" order="" src="">
                    <param datatype="string" defaultvalue="" description="" encode="true" format="None" formatvalue="" name="type" order="" passnull="false" sms-name="" src="" sourcevalue="" srcformatvalue="" target="response" targetdatatype="java.lang.String" testvalue="" value="">
                        <accessType></accessType>
                    </param>
                    <record id="price" order="" src="">
                        <param datatype="string" defaultvalue="" description="" encode="true" format="None" formatvalue="" name="amount" order="" passnull="false" sms-name="" src="" sourcevalue="" srcformatvalue="" target="response" targetdatatype="java.lang.String" testvalue="" value="">
                            <accessType></accessType>
                        </param>
                        <param datatype="string" defaultvalue="" description="" encode="true" format="None" formatvalue="" name="currency" order="" passnull="false" sms-name="" src="" sourcevalue="" srcformatvalue="" target="response" targetdatatype="java.lang.String" testvalue="" value="">
                            <accessType></accessType>
                        </param>
                    </record>
                </dataset>
                <record id="estimated_total" order="" src="">
                    <param datatype="string" defaultvalue="" description="" encode="true" format="None" formatvalue="" name="amount" order="" passnull="false" sms-name="" src="" sourcevalue="" srcformatvalue="" target="response" targetdatatype="java.lang.String" testvalue="" value="">
                        <accessType></accessType>
                    </param>
                    <param datatype="string" defaultvalue="" description="" encode="true" format="None" formatvalue="" name="currency" order="" passnull="false" sms-name="" src="" sourcevalue="" srcformatvalue="" target="response" targetdatatype="java.lang.String" testvalue="" value="">
                        <accessType></accessType>
                    </param>
                </record>
                <record id="vehicle_info" order="" src="">
                    <param datatype="string" defaultvalue="" description="" encode="true" format="None" formatvalue="" name="acriss_code" order="" passnull="false" sms-name="" src="" sourcevalue="" srcformatvalue="" target="response" targetdatatype="java.lang.String" testvalue="" value="">
                        <accessType></accessType>
                    </param>
                    <param datatype="boolean" defaultvalue="" description="" encode="true" format="None" formatvalue="" name="air_conditioning" order="" passnull="false" sms-name="" src="" sourcevalue="" srcformatvalue="" target="response" targetdatatype="java.lang.String" testvalue="" value="">
                        <accessType></accessType>
                    </param>
                    <param datatype="string" defaultvalue="" description="" encode="true" format="None" formatvalue="" name="category" order="" passnull="false" sms-name="" src="" sourcevalue="" srcformatvalue="" target="response" targetdatatype="java.lang.String" testvalue="" value="">
                        <accessType></accessType>
                    </param>
                    <param datatype="string" defaultvalue="" description="" encode="true" format="None" formatvalue="" name="fuel" order="" passnull="false" sms-name="" src="" sourcevalue="" srcformatvalue="" target="response" targetdatatype="java.lang.String" testvalue="" value="">
                        <accessType></accessType>
                    </param>
                    <param datatype="string" defaultvalue="" description="" encode="true" format="None" formatvalue="" name="transmission" order="" passnull="false" sms-name="" src="" sourcevalue="" srcformatvalue="" target="response" targetdatatype="java.lang.String" testvalue="" value="">
                        <accessType></accessType>
                    </param>
                    <param datatype="string" defaultvalue="" description="" encode="true" format="None" formatvalue="" name="type" order="" passnull="false" sms-name="" src="" sourcevalue="" srcformatvalue="" target="response" targetdatatype="java.lang.String" testvalue="" value="">
                        <accessType></accessType>
                    </param>
                </record>
            </dataset>
            <param datatype="string" defaultvalue="" description="" encode="true" format="None" formatvalue="" name="airport" order="" passnull="false" sms-name="" src="" sourcevalue="" srcformatvalue="" target="response" targetdatatype="java.lang.String" testvalue="" value="">
                <accessType></accessType>
            </param>
            <record id="location" order="" src="">
                <param datatype="string" defaultvalue="" description="" encode="true" format="None" formatvalue="" name="google_maps_link" order="" passnull="false" sms-name="" src="" sourcevalue="" srcformatvalue="" target="response" targetdatatype="java.lang.String" testvalue="" value="">
                    <accessType></accessType>
                </param>
                <param datatype="number" defaultvalue="" description="" encode="true" format="None" formatvalue="" name="latitude" order="" passnull="false" sms-name="" src="" sourcevalue="" srcformatvalue="" target="response" targetdatatype="java.lang.String" testvalue="" value="">
                    <accessType></accessType>
                </param>
                <param datatype="number" defaultvalue="" description="" encode="true" format="None" formatvalue="" name="longitude" order="" passnull="false" sms-name="" src="" sourcevalue="" srcformatvalue="" target="response" targetdatatype="java.lang.String" testvalue="" value="">
                    <accessType></accessType>
                </param>
            </record>
            <record id="provider" order="" src="">
                <param datatype="string" defaultvalue="" description="" encode="true" format="None" formatvalue="" name="company_code" order="" passnull="false" sms-name="" src="" sourcevalue="" srcformatvalue="" target="response" targetdatatype="java.lang.String" testvalue="" value="">
                    <accessType></accessType>
                </param>
                <param datatype="string" defaultvalue="" description="" encode="true" format="None" formatvalue="" name="company_name" order="" passnull="false" sms-name="" src="" sourcevalue="" srcformatvalue="" target="response" targetdatatype="java.lang.String" testvalue="" value="">
                    <accessType></accessType>
                </param>
            </record>
        </dataset>
    </service-output>
</service>
