<?xml version="1.0" encoding="UTF-8" standalone="yes"?>
<service serviceGroup="" cachable="false" cacheduration="" endpoint="default" groupType="" id="Hotel_Geosearch_By_Box" passwordencrypted="false" security="authorized_app_user" type="dataAdapterConnector" smscode="" smsenabled="false">
    <service-config>
        <config-param api-version="" appid="" name="preprocessorname" value=""/>
        <config-param api-version="" appid="" name="postprocessorname" value=""/>
        <config-param api-version="" appid="" name="preprocessorJS" value=""/>
        <config-param api-version="" appid="" name="postprocessorJS" value=""/>
        <config-param api-version="" appid="" name="endpointUrl" value=""/>
        <config-param api-version="" appid="" name="opcode" value="service"/>
        <config-param api-version="" appid="" name="sockettimeout" value=""/>
        <config-param api-version="" appid="" name="entitymetadata" value="{&quot;name&quot;:&quot;Hotel_Geosearch_By_Box&quot;,&quot;serviceType&quot;:&quot;com.kony.adapter.swagger.SwaggerService&quot;}"/>
        <config-param api-version="" appid="" name="metadataformatterobject" value="{&quot;serviceType&quot;:&quot;com.kony.adapter.swagger.SwaggerService&quot;,&quot;serviceOutput&quot;:[{&quot;name&quot;:&quot;results&quot;,&quot;serviceElementTypeList&quot;:[{&quot;name&quot;:&quot;address&quot;,&quot;serviceElementTypeList&quot;:[{&quot;name&quot;:&quot;city&quot;},{&quot;name&quot;:&quot;country&quot;},{&quot;name&quot;:&quot;line1&quot;},{&quot;name&quot;:&quot;postal_code&quot;},{&quot;name&quot;:&quot;region&quot;}]},{&quot;name&quot;:&quot;amenities&quot;,&quot;serviceElementTypeList&quot;:[{&quot;name&quot;:&quot;amenity&quot;},{&quot;name&quot;:&quot;description&quot;},{&quot;name&quot;:&quot;ota_code&quot;}]},{&quot;name&quot;:&quot;awards&quot;,&quot;serviceElementTypeList&quot;:[{&quot;name&quot;:&quot;provider&quot;},{&quot;name&quot;:&quot;rating&quot;}]},{&quot;name&quot;:&quot;contacts&quot;,&quot;serviceElementTypeList&quot;:[{&quot;name&quot;:&quot;detail&quot;},{&quot;name&quot;:&quot;purpose&quot;},{&quot;name&quot;:&quot;type&quot;}]},{&quot;name&quot;:&quot;images&quot;,&quot;serviceElementTypeList&quot;:[{&quot;name&quot;:&quot;category&quot;},{&quot;name&quot;:&quot;height&quot;},{&quot;name&quot;:&quot;url&quot;},{&quot;name&quot;:&quot;width&quot;}]},{&quot;name&quot;:&quot;location&quot;,&quot;serviceElementTypeList&quot;:[{&quot;name&quot;:&quot;google_maps_link&quot;},{&quot;name&quot;:&quot;latitude&quot;},{&quot;name&quot;:&quot;longitude&quot;}]},{&quot;name&quot;:&quot;min_daily_rate&quot;,&quot;serviceElementTypeList&quot;:[{&quot;name&quot;:&quot;amount&quot;},{&quot;name&quot;:&quot;currency&quot;}]},{&quot;name&quot;:&quot;more_rooms_at_this_hotel&quot;,&quot;serviceElementTypeList&quot;:[{&quot;name&quot;:&quot;href&quot;}]},{&quot;name&quot;:&quot;property_code&quot;},{&quot;name&quot;:&quot;property_name&quot;},{&quot;name&quot;:&quot;rooms&quot;,&quot;serviceElementTypeList&quot;:[{&quot;name&quot;:&quot;booking_code&quot;},{&quot;name&quot;:&quot;descriptions&quot;,&quot;serviceElementTypeList&quot;:[]},{&quot;name&quot;:&quot;rate_plan_code&quot;},{&quot;name&quot;:&quot;rate_type_code&quot;},{&quot;name&quot;:&quot;rates&quot;,&quot;serviceElementTypeList&quot;:[{&quot;name&quot;:&quot;currency&quot;},{&quot;name&quot;:&quot;end_date&quot;},{&quot;name&quot;:&quot;price&quot;},{&quot;name&quot;:&quot;start_date&quot;}]},{&quot;name&quot;:&quot;room_type_code&quot;},{&quot;name&quot;:&quot;room_type_info&quot;,&quot;serviceElementTypeList&quot;:[{&quot;name&quot;:&quot;bed_type&quot;},{&quot;name&quot;:&quot;number_of_beds&quot;},{&quot;name&quot;:&quot;room_type&quot;}]},{&quot;name&quot;:&quot;total_amount&quot;,&quot;serviceElementTypeList&quot;:[{&quot;name&quot;:&quot;amount&quot;},{&quot;name&quot;:&quot;currency&quot;}]}]},{&quot;name&quot;:&quot;total_price&quot;,&quot;serviceElementTypeList&quot;:[{&quot;name&quot;:&quot;amount&quot;},{&quot;name&quot;:&quot;currency&quot;}]}]}],&quot;qualifiedName&quot;:&quot;Hotel_Geosearch_By_Box&quot;,&quot;name&quot;:&quot;Hotel_Geosearch_By_Box&quot;,&quot;serviceInput&quot;:[{&quot;name&quot;:&quot;south_west_corner&quot;},{&quot;name&quot;:&quot;north_east_corner&quot;},{&quot;name&quot;:&quot;check_in&quot;},{&quot;name&quot;:&quot;check_out&quot;},{&quot;name&quot;:&quot;lang&quot;},{&quot;name&quot;:&quot;currency&quot;},{&quot;name&quot;:&quot;chain&quot;},{&quot;name&quot;:&quot;max_rate&quot;},{&quot;name&quot;:&quot;number_of_results&quot;},{&quot;name&quot;:&quot;all_rooms&quot;},{&quot;name&quot;:&quot;show_sold_out&quot;},{&quot;name&quot;:&quot;amenity&quot;}]}"/>
        <config-param api-version="" appid="" name="http_auth_mode" value="none"/>
        <config-param api-version="" appid="" name="apikey" value="BKEuoMutfOAwQ7e9AG1Y1almTzATKHVO"/>
        <config-param api-version="" appid="" name="authservicetype" value="IdentityProvider"/>
        <config-param api-version="" appid="" name="adaptertype" value="CUSTOM"/>
        <config-param api-version="" appid="" name="zipName" value="amadeus.zip"/>
        <config-param api-version="" appid="" name="basepackage" value="com.kony.adapter.swagger"/>
        <config-param api-version="" appid="" name="identityProviderType" value=""/>
        <config-param api-version="" appid="" name="identityProvider" value=""/>
    </service-config>
    <service-input passthrough="false">
        <header datatype="" name="" passthrough="false"/>
        <param datatype="string" defaultvalue="" description="" encode="true" format="None" formatvalue="" name="south_west_corner" order="" passnull="true" sms-name="" src="request" sourcevalue="" srcformatvalue="" target="request" targetdatatype="java.lang.String" testvalue="" value="">
            <accessType></accessType>
        </param>
        <param datatype="string" defaultvalue="" description="" encode="true" format="None" formatvalue="" name="north_east_corner" order="" passnull="true" sms-name="" src="request" sourcevalue="" srcformatvalue="" target="request" targetdatatype="java.lang.String" testvalue="" value="">
            <accessType></accessType>
        </param>
        <param datatype="string" defaultvalue="" description="" encode="true" format="None" formatvalue="" name="check_in" order="" passnull="true" sms-name="" src="request" sourcevalue="" srcformatvalue="" target="request" targetdatatype="java.lang.String" testvalue="" value="">
            <accessType></accessType>
        </param>
        <param datatype="string" defaultvalue="" description="" encode="true" format="None" formatvalue="" name="check_out" order="" passnull="true" sms-name="" src="request" sourcevalue="" srcformatvalue="" target="request" targetdatatype="java.lang.String" testvalue="" value="">
            <accessType></accessType>
        </param>
        <param datatype="string" defaultvalue="" description="" encode="true" format="None" formatvalue="" name="lang" order="" passnull="true" sms-name="" src="request" sourcevalue="" srcformatvalue="" target="request" targetdatatype="java.lang.String" testvalue="" value="">
            <accessType></accessType>
        </param>
        <param datatype="string" defaultvalue="" description="" encode="true" format="None" formatvalue="" name="currency" order="" passnull="true" sms-name="" src="request" sourcevalue="" srcformatvalue="" target="request" targetdatatype="java.lang.String" testvalue="" value="">
            <accessType></accessType>
        </param>
        <param datatype="string" defaultvalue="" description="" encode="true" format="None" formatvalue="" name="chain" order="" passnull="true" sms-name="" src="request" sourcevalue="" srcformatvalue="" target="request" targetdatatype="java.lang.String" testvalue="" value="">
            <accessType></accessType>
        </param>
        <param datatype="number" defaultvalue="" description="" encode="true" format="None" formatvalue="" name="max_rate" order="" passnull="true" sms-name="" src="request" sourcevalue="" srcformatvalue="" target="request" targetdatatype="java.lang.String" testvalue="" value="">
            <accessType></accessType>
        </param>
        <param datatype="number" defaultvalue="" description="" encode="true" format="None" formatvalue="" name="number_of_results" order="" passnull="true" sms-name="" src="request" sourcevalue="" srcformatvalue="" target="request" targetdatatype="java.lang.String" testvalue="" value="">
            <accessType></accessType>
        </param>
        <param datatype="boolean" defaultvalue="" description="" encode="true" format="None" formatvalue="" name="all_rooms" order="" passnull="true" sms-name="" src="request" sourcevalue="" srcformatvalue="" target="request" targetdatatype="java.lang.String" testvalue="" value="">
            <accessType></accessType>
        </param>
        <param datatype="boolean" defaultvalue="" description="" encode="true" format="None" formatvalue="" name="show_sold_out" order="" passnull="true" sms-name="" src="request" sourcevalue="" srcformatvalue="" target="request" targetdatatype="java.lang.String" testvalue="" value="">
            <accessType></accessType>
        </param>
        <param datatype="string" defaultvalue="" description="" encode="true" format="None" formatvalue="" name="amenity" order="" passnull="true" sms-name="" src="request" sourcevalue="" srcformatvalue="" target="request" targetdatatype="java.lang.String" testvalue="" value="">
            <accessType></accessType>
        </param>
        <template-param datatype="" defaultvalue="" description="" encode="false" format="" formatvalue="" name="criteria" order="" sms-name="" src="" sourcevalue="" srcformatvalue="" target="" targetdatatype="" value="">
            <accessType></accessType>
        </template-param>
    </service-input>
    <service-output passthrough="false">
        <dataset id="results" order="" src="">
            <dataset id="amenities" order="" src="">
                <param datatype="string" defaultvalue="" description="" encode="true" format="None" formatvalue="" name="amenity" order="" passnull="false" sms-name="" src="" sourcevalue="" srcformatvalue="" target="response" targetdatatype="java.lang.String" testvalue="" value="">
                    <accessType></accessType>
                </param>
                <param datatype="string" defaultvalue="" description="" encode="true" format="None" formatvalue="" name="description" order="" passnull="false" sms-name="" src="" sourcevalue="" srcformatvalue="" target="response" targetdatatype="java.lang.String" testvalue="" value="">
                    <accessType></accessType>
                </param>
                <param datatype="string" defaultvalue="" description="" encode="true" format="None" formatvalue="" name="ota_code" order="" passnull="false" sms-name="" src="" sourcevalue="" srcformatvalue="" target="response" targetdatatype="java.lang.String" testvalue="" value="">
                    <accessType></accessType>
                </param>
            </dataset>
            <dataset id="awards" order="" src="">
                <param datatype="string" defaultvalue="" description="" encode="true" format="None" formatvalue="" name="provider" order="" passnull="false" sms-name="" src="" sourcevalue="" srcformatvalue="" target="response" targetdatatype="java.lang.String" testvalue="" value="">
                    <accessType></accessType>
                </param>
                <param datatype="string" defaultvalue="" description="" encode="true" format="None" formatvalue="" name="rating" order="" passnull="false" sms-name="" src="" sourcevalue="" srcformatvalue="" target="response" targetdatatype="java.lang.String" testvalue="" value="">
                    <accessType></accessType>
                </param>
            </dataset>
            <dataset id="contacts" order="" src="">
                <param datatype="string" defaultvalue="" description="" encode="true" format="None" formatvalue="" name="detail" order="" passnull="false" sms-name="" src="" sourcevalue="" srcformatvalue="" target="response" targetdatatype="java.lang.String" testvalue="" value="">
                    <accessType></accessType>
                </param>
                <param datatype="string" defaultvalue="" description="" encode="true" format="None" formatvalue="" name="purpose" order="" passnull="false" sms-name="" src="" sourcevalue="" srcformatvalue="" target="response" targetdatatype="java.lang.String" testvalue="" value="">
                    <accessType></accessType>
                </param>
                <param datatype="string" defaultvalue="" description="" encode="true" format="None" formatvalue="" name="type" order="" passnull="false" sms-name="" src="" sourcevalue="" srcformatvalue="" target="response" targetdatatype="java.lang.String" testvalue="" value="">
                    <accessType></accessType>
                </param>
            </dataset>
            <dataset id="images" order="" src="">
                <param datatype="string" defaultvalue="" description="" encode="true" format="None" formatvalue="" name="category" order="" passnull="false" sms-name="" src="" sourcevalue="" srcformatvalue="" target="response" targetdatatype="java.lang.String" testvalue="" value="">
                    <accessType></accessType>
                </param>
                <param datatype="number" defaultvalue="" description="" encode="true" format="None" formatvalue="" name="height" order="" passnull="false" sms-name="" src="" sourcevalue="" srcformatvalue="" target="response" targetdatatype="java.lang.String" testvalue="" value="">
                    <accessType></accessType>
                </param>
                <param datatype="string" defaultvalue="" description="" encode="true" format="None" formatvalue="" name="url" order="" passnull="false" sms-name="" src="" sourcevalue="" srcformatvalue="" target="response" targetdatatype="java.lang.String" testvalue="" value="">
                    <accessType></accessType>
                </param>
                <param datatype="number" defaultvalue="" description="" encode="true" format="None" formatvalue="" name="width" order="" passnull="false" sms-name="" src="" sourcevalue="" srcformatvalue="" target="response" targetdatatype="java.lang.String" testvalue="" value="">
                    <accessType></accessType>
                </param>
            </dataset>
            <dataset id="rooms" order="" src="">
                <dataset id="rates" order="" src="">
                    <param datatype="string" defaultvalue="" description="" encode="true" format="None" formatvalue="" name="currency" order="" passnull="false" sms-name="" src="" sourcevalue="" srcformatvalue="" target="response" targetdatatype="java.lang.String" testvalue="" value="">
                        <accessType></accessType>
                    </param>
                    <param datatype="string" defaultvalue="" description="" encode="true" format="None" formatvalue="" name="end_date" order="" passnull="false" sms-name="" src="" sourcevalue="" srcformatvalue="" target="response" targetdatatype="java.lang.String" testvalue="" value="">
                        <accessType></accessType>
                    </param>
                    <param datatype="number" defaultvalue="" description="" encode="true" format="None" formatvalue="" name="price" order="" passnull="false" sms-name="" src="" sourcevalue="" srcformatvalue="" target="response" targetdatatype="java.lang.String" testvalue="" value="">
                        <accessType></accessType>
                    </param>
                    <param datatype="string" defaultvalue="" description="" encode="true" format="None" formatvalue="" name="start_date" order="" passnull="false" sms-name="" src="" sourcevalue="" srcformatvalue="" target="response" targetdatatype="java.lang.String" testvalue="" value="">
                        <accessType></accessType>
                    </param>
                </dataset>
                <param datatype="string" defaultvalue="" description="" encode="true" format="None" formatvalue="" name="booking_code" order="" passnull="false" sms-name="" src="" sourcevalue="" srcformatvalue="" target="response" targetdatatype="java.lang.String" testvalue="" value="">
                    <accessType></accessType>
                </param>
                <param datatype="string" defaultvalue="" description="" encode="true" format="None" formatvalue="" name="rate_plan_code" order="" passnull="false" sms-name="" src="" sourcevalue="" srcformatvalue="" target="response" targetdatatype="java.lang.String" testvalue="" value="">
                    <accessType></accessType>
                </param>
                <param datatype="string" defaultvalue="" description="" encode="true" format="None" formatvalue="" name="rate_type_code" order="" passnull="false" sms-name="" src="" sourcevalue="" srcformatvalue="" target="response" targetdatatype="java.lang.String" testvalue="" value="">
                    <accessType></accessType>
                </param>
                <param datatype="string" defaultvalue="" description="" encode="true" format="None" formatvalue="" name="room_type_code" order="" passnull="false" sms-name="" src="" sourcevalue="" srcformatvalue="" target="response" targetdatatype="java.lang.String" testvalue="" value="">
                    <accessType></accessType>
                </param>
                <param datatype="collection" defaultvalue="" description="" encode="true" format="None" formatvalue="" name="descriptions" order="" passnull="false" sms-name="" src="" sourcevalue="" srcformatvalue="" target="response" targetdatatype="java.lang.String" testvalue="" value="">
                    <accessType></accessType>
                </param>
                <record id="room_type_info" order="" src="">
                    <param datatype="string" defaultvalue="" description="" encode="true" format="None" formatvalue="" name="bed_type" order="" passnull="false" sms-name="" src="" sourcevalue="" srcformatvalue="" target="response" targetdatatype="java.lang.String" testvalue="" value="">
                        <accessType></accessType>
                    </param>
                    <param datatype="string" defaultvalue="" description="" encode="true" format="None" formatvalue="" name="number_of_beds" order="" passnull="false" sms-name="" src="" sourcevalue="" srcformatvalue="" target="response" targetdatatype="java.lang.String" testvalue="" value="">
                        <accessType></accessType>
                    </param>
                    <param datatype="string" defaultvalue="" description="" encode="true" format="None" formatvalue="" name="room_type" order="" passnull="false" sms-name="" src="" sourcevalue="" srcformatvalue="" target="response" targetdatatype="java.lang.String" testvalue="" value="">
                        <accessType></accessType>
                    </param>
                </record>
                <record id="total_amount" order="" src="">
                    <param datatype="string" defaultvalue="" description="" encode="true" format="None" formatvalue="" name="amount" order="" passnull="false" sms-name="" src="" sourcevalue="" srcformatvalue="" target="response" targetdatatype="java.lang.String" testvalue="" value="">
                        <accessType></accessType>
                    </param>
                    <param datatype="string" defaultvalue="" description="" encode="true" format="None" formatvalue="" name="currency" order="" passnull="false" sms-name="" src="" sourcevalue="" srcformatvalue="" target="response" targetdatatype="java.lang.String" testvalue="" value="">
                        <accessType></accessType>
                    </param>
                </record>
            </dataset>
            <param datatype="string" defaultvalue="" description="" encode="true" format="None" formatvalue="" name="property_code" order="" passnull="false" sms-name="" src="" sourcevalue="" srcformatvalue="" target="response" targetdatatype="java.lang.String" testvalue="" value="">
                <accessType></accessType>
            </param>
            <param datatype="string" defaultvalue="" description="" encode="true" format="None" formatvalue="" name="property_name" order="" passnull="false" sms-name="" src="" sourcevalue="" srcformatvalue="" target="response" targetdatatype="java.lang.String" testvalue="" value="">
                <accessType></accessType>
            </param>
            <record id="address" order="" src="">
                <param datatype="string" defaultvalue="" description="" encode="true" format="None" formatvalue="" name="city" order="" passnull="false" sms-name="" src="" sourcevalue="" srcformatvalue="" target="response" targetdatatype="java.lang.String" testvalue="" value="">
                    <accessType></accessType>
                </param>
                <param datatype="string" defaultvalue="" description="" encode="true" format="None" formatvalue="" name="country" order="" passnull="false" sms-name="" src="" sourcevalue="" srcformatvalue="" target="response" targetdatatype="java.lang.String" testvalue="" value="">
                    <accessType></accessType>
                </param>
                <param datatype="string" defaultvalue="" description="" encode="true" format="None" formatvalue="" name="line1" order="" passnull="false" sms-name="" src="" sourcevalue="" srcformatvalue="" target="response" targetdatatype="java.lang.String" testvalue="" value="">
                    <accessType></accessType>
                </param>
                <param datatype="string" defaultvalue="" description="" encode="true" format="None" formatvalue="" name="postal_code" order="" passnull="false" sms-name="" src="" sourcevalue="" srcformatvalue="" target="response" targetdatatype="java.lang.String" testvalue="" value="">
                    <accessType></accessType>
                </param>
                <param datatype="string" defaultvalue="" description="" encode="true" format="None" formatvalue="" name="region" order="" passnull="false" sms-name="" src="" sourcevalue="" srcformatvalue="" target="response" targetdatatype="java.lang.String" testvalue="" value="">
                    <accessType></accessType>
                </param>
            </record>
            <record id="location" order="" src="">
                <param datatype="string" defaultvalue="" description="" encode="true" format="None" formatvalue="" name="google_maps_link" order="" passnull="false" sms-name="" src="" sourcevalue="" srcformatvalue="" target="response" targetdatatype="java.lang.String" testvalue="" value="">
                    <accessType></accessType>
                </param>
                <param datatype="number" defaultvalue="" description="" encode="true" format="None" formatvalue="" name="latitude" order="" passnull="false" sms-name="" src="" sourcevalue="" srcformatvalue="" target="response" targetdatatype="java.lang.String" testvalue="" value="">
                    <accessType></accessType>
                </param>
                <param datatype="number" defaultvalue="" description="" encode="true" format="None" formatvalue="" name="longitude" order="" passnull="false" sms-name="" src="" sourcevalue="" srcformatvalue="" target="response" targetdatatype="java.lang.String" testvalue="" value="">
                    <accessType></accessType>
                </param>
            </record>
            <record id="min_daily_rate" order="" src="">
                <param datatype="string" defaultvalue="" description="" encode="true" format="None" formatvalue="" name="amount" order="" passnull="false" sms-name="" src="" sourcevalue="" srcformatvalue="" target="response" targetdatatype="java.lang.String" testvalue="" value="">
                    <accessType></accessType>
                </param>
                <param datatype="string" defaultvalue="" description="" encode="true" format="None" formatvalue="" name="currency" order="" passnull="false" sms-name="" src="" sourcevalue="" srcformatvalue="" target="response" targetdatatype="java.lang.String" testvalue="" value="">
                    <accessType></accessType>
                </param>
            </record>
            <record id="more_rooms_at_this_hotel" order="" src="">
                <param datatype="string" defaultvalue="" description="" encode="true" format="None" formatvalue="" name="href" order="" passnull="false" sms-name="" src="" sourcevalue="" srcformatvalue="" target="response" targetdatatype="java.lang.String" testvalue="" value="">
                    <accessType></accessType>
                </param>
            </record>
            <record id="total_price" order="" src="">
                <param datatype="string" defaultvalue="" description="" encode="true" format="None" formatvalue="" name="amount" order="" passnull="false" sms-name="" src="" sourcevalue="" srcformatvalue="" target="response" targetdatatype="java.lang.String" testvalue="" value="">
                    <accessType></accessType>
                </param>
                <param datatype="string" defaultvalue="" description="" encode="true" format="None" formatvalue="" name="currency" order="" passnull="false" sms-name="" src="" sourcevalue="" srcformatvalue="" target="response" targetdatatype="java.lang.String" testvalue="" value="">
                    <accessType></accessType>
                </param>
            </record>
        </dataset>
    </service-output>
</service>
