{
    "classname": "slidingmenu",
    "definitions": {
        "apis": {
            "custom": [
                {
                    "group": "General",
                    "kuid": "c12ce7cfc489429a89bf77a0891ea346",
                    "paramList": [],
                    "propertyKey": "removeAllMenuItem",
                    "pw": {
                        "displayName": "removeAllMenuItem",
                        "uiRepresentation": "Label-Label-Button-Button"
                    },
                    "srcWgtKUID": "m8e464bb908946d5a8beecad6f314755",
                    "type": "event"
                },
                {
                    "group": "General",
                    "kuid": "c65f1217f86a4384b6ad7aa75e025913",
                    "paramList": [
                        {
                            "name": "menuItems"
                        },
                        {
                            "name": "submenuItems"
                        }
                    ],
                    "propertyKey": "addMenuItems",
                    "pw": {
                        "displayName": "addMenuItems",
                        "uiRepresentation": "Label-Label-Button-Button"
                    },
                    "srcWgtKUID": "m8e464bb908946d5a8beecad6f314755",
                    "type": "event"
                }
            ],
            "passthrough": []
        },
        "events": {
            "custom": [
                {
                    "group": "General",
                    "kuid": "bbdc5fb2224f4cd692f8be89f12d3534",
                    "paramList": [],
                    "propertyIndex": 1,
                    "propertyKey": "onShowSlidingMenu",
                    "pw": {
                        "displayName": "onShowSlidingMenu",
                        "uiRepresentation": "Label-Label-Button-Button"
                    },
                    "srcWgtKUID": "m8e464bb908946d5a8beecad6f314755",
                    "type": "event"
                },
                {
                    "group": "General",
                    "kuid": "jeb155f55ead4da7baa11dbc92e27e47",
                    "paramList": [],
                    "propertyIndex": 1,
                    "propertyKey": "onHideSlidingMenu",
                    "pw": {
                        "displayName": "onHideSlidingMenu",
                        "uiRepresentation": "Label-Label-Button-Button"
                    },
                    "srcWgtKUID": "m8e464bb908946d5a8beecad6f314755",
                    "type": "event"
                },
                {
                    "group": "General",
                    "kuid": "h208653f6ee7433ea09d3f14e911e22f",
                    "paramList": [
                        {
                            "name": "menuindex"
                        }
                    ],
                    "propertyIndex": 1,
                    "propertyKey": "onMenuItemClick",
                    "pw": {
                        "displayName": "onMenuItemClick",
                        "uiRepresentation": "Label-Label-Button-Button"
                    },
                    "srcWgtKUID": "m8e464bb908946d5a8beecad6f314755",
                    "type": "event"
                }
            ],
            "passthrough": [
                {
                    "access": "Enable",
                    "group": "General",
                    "kuid": "b50d42eaff4e4f3d87586cda33cae407",
                    "originalPropertyKey": "onClick",
                    "propertyIndex": 1,
                    "propertyKey": "onClickFooter",
                    "pw": {
                        "access": "readwrite",
                        "category": "action",
                        "displayName": "onClickFooter",
                        "srcWidget": "flxBotom",
                        "type": "action",
                        "uiRepresentation": "Label-Label-Button-Button",
                        "wType": "FlexContainer"
                    },
                    "srcWgtKUID": "e62614a9a84e462fad4cc8bbe1335bdf"
                },
                {
                    "access": "Enable",
                    "group": "General",
                    "kuid": "db1edc23e57f49d7a8efe3f654d030f8",
                    "originalPropertyKey": "onClick",
                    "propertyIndex": 2,
                    "propertyKey": "onProfileClick",
                    "pw": {
                        "access": "readwrite",
                        "category": "action",
                        "displayName": "onProfileClick",
                        "srcWidget": "flxImage",
                        "type": "action",
                        "uiRepresentation": "Label-Label-Button-Button",
                        "wType": "FlexContainer"
                    },
                    "srcWgtKUID": "h0a282ca17324c44bb1e95890cf93b09"
                }
            ]
        },
        "groups": {
            "apis": [
                "General"
            ],
            "events": [],
            "properties": [
                "Transitions",
                "Profile Options",
                "Headings",
                "Footer Options"
            ],
            "widgets": []
        },
        "properties": {
            "custom": [
                {
                    "access": "Write",
                    "defaultValue": "Left",
                    "group": "Transitions",
                    "kuid": "d8820cd0996b4534b9fb02fc81b4550c",
                    "originalPropertyKey": "slidingMenuDirection",
                    "propertyIndex": 1,
                    "propertyKey": "slidingMenuDirection",
                    "pw": {
                        "displayName": "Sliding Menu Direction",
                        "uiRepresentation": "Label-Combobox"
                    },
                    "srcWgtKUID": "m8e464bb908946d5a8beecad6f314755",
                    "type": "list selector",
                    "value": [
                        "Right",
                        "Left"
                    ]
                },
                {
                    "access": "Write",
                    "defaultValue": "Slide In",
                    "group": "Transitions",
                    "kuid": "f88e9a8b26b34ab988e6ab17e99bfb0e",
                    "originalPropertyKey": "headerAnimation",
                    "propertyIndex": 2,
                    "propertyKey": "headerAnimation",
                    "pw": {
                        "displayName": "Header Animation",
                        "uiRepresentation": "Label-Combobox"
                    },
                    "srcWgtKUID": "m8e464bb908946d5a8beecad6f314755",
                    "type": "list selector",
                    "value": [
                        "No Animation",
                        "Zoom Out",
                        "Slide In"
                    ]
                },
                {
                    "access": "Write",
                    "defaultValue": "Push",
                    "group": "Transitions",
                    "kuid": "de73d75eb40144c4b6014f00e2b36fc5",
                    "originalPropertyKey": "slidingMenuAnimation",
                    "propertyIndex": 3,
                    "propertyKey": "slidingMenuAnimation",
                    "pw": {
                        "displayName": "Sliding Menu Transitions",
                        "uiRepresentation": "Label-Combobox"
                    },
                    "srcWgtKUID": "m8e464bb908946d5a8beecad6f314755",
                    "type": "list selector",
                    "value": [
                        "Slide Out",
                        "Push",
                        "Squeeze"
                    ]
                },
                {
                    "access": "Write",
                    "defaultValue": "No Footer",
                    "group": "Footer Options",
                    "kuid": "f16cbb5a00604d608b792357ef5c97b6",
                    "originalPropertyKey": "footerStyle",
                    "propertyIndex": 6,
                    "propertyKey": "footerStyle",
                    "pw": {
                        "displayName": "Footer Style",
                        "uiRepresentation": "Label-Combobox"
                    },
                    "srcWgtKUID": "m8e464bb908946d5a8beecad6f314755",
                    "type": "list selector",
                    "value": [
                        "No Footer",
                        "only Text",
                        "only Image",
                        "Image & Text"
                    ]
                },
                {
                    "access": "Write",
                    "defaultValue": "Rounded Corner",
                    "group": "Profile Options",
                    "kuid": "d7f0e7ca257f415a9a62bf0e89fdfa1b",
                    "originalPropertyKey": "profileImageType",
                    "propertyIndex": 7,
                    "propertyKey": "profileImageType",
                    "pw": {
                        "displayName": "Profile Image Type",
                        "uiRepresentation": "Label-Combobox"
                    },
                    "srcWgtKUID": "m8e464bb908946d5a8beecad6f314755",
                    "type": "list selector",
                    "value": [
                        "Regular",
                        "Rounded Corner",
                        "Circle"
                    ]
                },
                {
                    "access": "Write",
                    "defaultValue": {
                        "data": [],
                        "schema": [
                            {
                                "columnHeaderTemplate": null,
                                "columnHeaderText": "Menu Item Name",
                                "columnHeaderType": "text",
                                "columnID": "menuItemName",
                                "columnOnClick": null,
                                "columnText": "Not Defined",
                                "columnType": "text",
                                "kuid": "f8ade95d4f564430ad3314aa8392f025"
                            },
                            {
                                "columnHeaderTemplate": null,
                                "columnHeaderText": "Menu Item Icon",
                                "columnHeaderType": "text",
                                "columnID": "menuItemIcon",
                                "columnOnClick": null,
                                "columnText": "Not Defined",
                                "columnType": "image",
                                "kuid": "ed67cd7bd0bb449db2118f45df628dfe"
                            }
                        ]
                    },
                    "group": "General",
                    "kuid": "afe7dd0a7fe746528096d2b6aa42fa78",
                    "originalPropertyKey": "menuOptions",
                    "propertyIndex": 8,
                    "propertyKey": "menuOptions",
                    "pw": {
                        "displayName": "Menu options",
                        "uiRepresentation": "Label-DataGrid"
                    },
                    "srcWgtKUID": "m8e464bb908946d5a8beecad6f314755",
                    "type": "data grid",
                    "value": 2
                },
                {
                    "access": "Write",
                    "defaultValue": {
                        "data": [],
                        "schema": [
                            {
                                "columnHeaderTemplate": null,
                                "columnHeaderText": "Menu Item Name",
                                "columnHeaderType": "text",
                                "columnID": "menuItemName",
                                "columnOnClick": null,
                                "columnText": "Not Defined",
                                "columnType": "text",
                                "kuid": "d40249434d8c4cd1b66e25d797bc5e3c"
                            },
                            {
                                "columnHeaderTemplate": null,
                                "columnHeaderText": "SubMenu Item Name",
                                "columnHeaderType": "text",
                                "columnID": "submenuItemName",
                                "columnOnClick": null,
                                "columnText": "Not Defined",
                                "columnType": "text",
                                "kuid": "eddf1d51847e41d7842b6d52033db26d"
                            },
                            {
                                "columnHeaderTemplate": null,
                                "columnHeaderText": "SubMenu Item Icon",
                                "columnHeaderType": "text",
                                "columnID": "submenuItemIcon",
                                "columnOnClick": null,
                                "columnText": "Not Defined",
                                "columnType": "image",
                                "kuid": "f4277a24ea5540a9947b130aff8ae77b"
                            }
                        ]
                    },
                    "group": "General",
                    "kuid": "af12d11d9e444c9489b73ac25edae436",
                    "originalPropertyKey": "subMenuOptions",
                    "propertyIndex": 9,
                    "propertyKey": "subMenuOptions",
                    "pw": {
                        "displayName": "Submenu Options",
                        "uiRepresentation": "Label-DataGrid"
                    },
                    "srcWgtKUID": "m8e464bb908946d5a8beecad6f314755",
                    "type": "data grid",
                    "value": 3
                }
            ],
            "passthrough": [
                {
                    "access": "Enable",
                    "group": "General",
                    "kuid": "e7f3ae3e956246b986fa8055f0e2bc08",
                    "originalPropertyKey": "isVisible",
                    "propertyIndex": 1,
                    "propertyKey": "slidingMenuisVisible",
                    "pw": {
                        "access": "readwrite",
                        "category": "look",
                        "displayName": "Sliding Menu isVisible",
                        "srcWidget": "flxMainSlidingMenu",
                        "type": "boolean",
                        "uiRepresentation": "Label-Radiobuttongroup",
                        "wType": "FlexContainer"
                    },
                    "srcWgtKUID": "ee2f361ec6024cc48e36ce11a55799f1"
                },
                {
                    "access": "Enable",
                    "group": "Profile Options",
                    "kuid": "i85138b74eed434dab67383316da5a08",
                    "originalPropertyKey": "left",
                    "propertyIndex": 1,
                    "propertyKey": "profileImageLeft",
                    "pw": {
                        "access": "readwrite",
                        "category": "look",
                        "defaultValue": {
                            "type": "string",
                            "value": ""
                        },
                        "displayName": "Profile Image Left",
                        "forkablePlatforms": {
                            "desktop": [
                                "desktopweb",
                                "kiosk"
                            ],
                            "mobile": [
                                "iphone",
                                "android",
                                "winphone8",
                                "spa"
                            ],
                            "tablet": [
                                "ipad",
                                "android",
                                "windows8",
                                "spa"
                            ]
                        },
                        "srcWidget": "flxImage",
                        "type": "object",
                        "uiConfig": {
                            "Combobox": {
                                "masterData": [
                                    [
                                        "Dp",
                                        "dp"
                                    ],
                                    [
                                        "Px",
                                        "px"
                                    ],
                                    [
                                        "%",
                                        "%"
                                    ],
                                    [
                                        "Default",
                                        "Default"
                                    ]
                                ]
                            },
                            "Label": {},
                            "Textbox": {}
                        },
                        "uiRepresentation": "Label-Textbox-Combobox",
                        "wType": "FlexContainer"
                    },
                    "srcWgtKUID": "h0a282ca17324c44bb1e95890cf93b09"
                },
                {
                    "access": "Enable",
                    "group": "Headings",
                    "kuid": "e84e423f477243809e3452d45f2657f9",
                    "originalPropertyKey": "isVisible",
                    "propertyIndex": 1,
                    "propertyKey": "subHeadingTextIsVisible",
                    "pw": {
                        "access": "readwrite",
                        "category": "look",
                        "displayName": "Sub Heading Text isVisible",
                        "srcWidget": "lblHeaderText2",
                        "type": "boolean",
                        "uiRepresentation": "Label-Radiobuttongroup",
                        "wType": "Label"
                    },
                    "srcWgtKUID": "e99d670fdded4b11a6cf716304442452"
                },
                {
                    "access": "Enable",
                    "group": "Footer Options",
                    "kuid": "aea89f2750d340ce8be79b6f9f5cc0d2",
                    "originalPropertyKey": "text",
                    "propertyIndex": 1,
                    "propertyKey": "footerText",
                    "pw": {
                        "access": "readwrite",
                        "category": "look",
                        "displayName": "Footer text",
                        "srcWidget": "textFooter",
                        "type": "string",
                        "uiRepresentation": "Label-Textbox",
                        "wType": "Label"
                    },
                    "srcWgtKUID": "d58f21c09ac64c1b967f499ebc2d6ce0"
                },
                {
                    "access": "Enable",
                    "group": "Headings",
                    "kuid": "d4b1dabc407547dba259e3bba5190e48",
                    "originalPropertyKey": "isVisible",
                    "propertyIndex": 2,
                    "propertyKey": "headingTextIsVisible",
                    "pw": {
                        "access": "readwrite",
                        "category": "look",
                        "displayName": "Heading Text isVisible",
                        "srcWidget": "lblHeaderText1",
                        "type": "boolean",
                        "uiRepresentation": "Label-Radiobuttongroup",
                        "wType": "Label"
                    },
                    "srcWgtKUID": "ec61a2b19b2744b39e0c82fed8d9440b"
                },
                {
                    "access": "Enable",
                    "group": "Profile Options",
                    "kuid": "ada2d6c4c93b48a3ac08778d1b28d432",
                    "originalPropertyKey": "top",
                    "propertyIndex": 2,
                    "propertyKey": "profileImageTop",
                    "pw": {
                        "access": "readwrite",
                        "category": "look",
                        "defaultValue": {
                            "type": "string",
                            "value": ""
                        },
                        "displayName": "Profile Image Top",
                        "forkablePlatforms": {
                            "desktop": [
                                "desktopweb",
                                "kiosk"
                            ],
                            "mobile": [
                                "iphone",
                                "android",
                                "winphone8",
                                "spa"
                            ],
                            "tablet": [
                                "ipad",
                                "android",
                                "windows8",
                                "spa"
                            ]
                        },
                        "srcWidget": "flxImage",
                        "type": "object",
                        "uiConfig": {
                            "Combobox": {
                                "masterData": [
                                    [
                                        "Dp",
                                        "dp"
                                    ],
                                    [
                                        "Px",
                                        "px"
                                    ],
                                    [
                                        "%",
                                        "%"
                                    ],
                                    [
                                        "Default",
                                        "Default"
                                    ]
                                ]
                            },
                            "Label": {},
                            "Textbox": {}
                        },
                        "uiRepresentation": "Label-Textbox-Combobox",
                        "wType": "FlexContainer"
                    },
                    "srcWgtKUID": "h0a282ca17324c44bb1e95890cf93b09"
                },
                {
                    "access": "Enable",
                    "group": "Footer Options",
                    "kuid": "e56b150cd40c448f82dd5bdbcb02137c",
                    "originalPropertyKey": "src",
                    "propertyIndex": 2,
                    "propertyKey": "footerImageSrc",
                    "pw": {
                        "access": "readwrite",
                        "category": "widget",
                        "displayName": "Footer Image Source",
                        "srcWidget": "imgFooter",
                        "type": "string",
                        "uiConfig": {
                            "Button": {
                                "dataRetrieverId": "Imagelist",
                                "dataUpdaterId": "Imagelist",
                                "popupId": "Imagelist",
                                "type": "ImageEditBtn"
                            },
                            "Label": {}
                        },
                        "uiRepresentation": "Label-Label-Button",
                        "wType": "Image"
                    },
                    "srcWgtKUID": "ef7bf921185144929a80e4adbca28a58"
                },
                {
                    "access": "Enable",
                    "group": "Profile Options",
                    "kuid": "c0a39184054a464db86d7b35495d7143",
                    "originalPropertyKey": "isVisible",
                    "propertyIndex": 3,
                    "propertyKey": "profileImageIsVisible",
                    "pw": {
                        "access": "readwrite",
                        "category": "look",
                        "displayName": "Profile Image isVisible",
                        "srcWidget": "flxImage",
                        "type": "boolean",
                        "uiRepresentation": "Label-Radiobuttongroup",
                        "wType": "FlexContainer"
                    },
                    "srcWgtKUID": "h0a282ca17324c44bb1e95890cf93b09"
                },
                {
                    "access": "Enable",
                    "group": "Headings",
                    "kuid": "h99a8c729f6643bd8220992ece99c888",
                    "originalPropertyKey": "text",
                    "propertyIndex": 3,
                    "propertyKey": "headingText",
                    "pw": {
                        "access": "readwrite",
                        "category": "look",
                        "displayName": "Heading Text",
                        "srcWidget": "lblHeaderText1",
                        "type": "string",
                        "uiRepresentation": "Label-Textbox",
                        "wType": "Label"
                    },
                    "srcWgtKUID": "ec61a2b19b2744b39e0c82fed8d9440b"
                },
                {
                    "access": "Enable",
                    "group": "Footer Options",
                    "kuid": "dd52f46b4e51477cab7f293e2a7ad161",
                    "originalPropertyKey": "width",
                    "propertyIndex": 3,
                    "propertyKey": "footerImageWidth",
                    "pw": {
                        "access": "readwrite",
                        "category": "look",
                        "defaultValue": {
                            "type": "string",
                            "value": ""
                        },
                        "displayName": "Footer Image Width",
                        "forkablePlatforms": {
                            "desktop": [
                                "desktopweb",
                                "kiosk"
                            ],
                            "mobile": [
                                "iphone",
                                "android",
                                "winphone8",
                                "spa"
                            ],
                            "tablet": [
                                "ipad",
                                "android",
                                "windows8",
                                "spa"
                            ]
                        },
                        "srcWidget": "imgFooter",
                        "type": "object",
                        "uiConfig": {
                            "Combobox": {
                                "masterData": [
                                    [
                                        "Dp",
                                        "dp"
                                    ],
                                    [
                                        "Px",
                                        "px"
                                    ],
                                    [
                                        "%",
                                        "%"
                                    ],
                                    [
                                        "Default",
                                        "Default"
                                    ],
                                    [
                                        "Preferred",
                                        "preferred"
                                    ]
                                ]
                            },
                            "Label": {},
                            "Textbox": {}
                        },
                        "uiRepresentation": "Label-Textbox-Combobox",
                        "wType": "Image"
                    },
                    "srcWgtKUID": "ef7bf921185144929a80e4adbca28a58"
                },
                {
                    "access": "Enable",
                    "group": "Profile Options",
                    "kuid": "cdfcd842a5fa497cb4a782f6f238a639",
                    "originalPropertyKey": "height",
                    "propertyIndex": 4,
                    "propertyKey": "profileImageHeight",
                    "pw": {
                        "access": "readwrite",
                        "category": "look",
                        "defaultValue": {
                            "type": "string",
                            "value": ""
                        },
                        "displayName": "Profile Image Height",
                        "forkablePlatforms": {
                            "desktop": [
                                "desktopweb",
                                "kiosk"
                            ],
                            "mobile": [
                                "iphone",
                                "android",
                                "winphone8",
                                "spa"
                            ],
                            "tablet": [
                                "ipad",
                                "android",
                                "windows8",
                                "spa"
                            ]
                        },
                        "srcWidget": "flxImage",
                        "type": "object",
                        "uiConfig": {
                            "Combobox": {
                                "masterData": [
                                    [
                                        "Dp",
                                        "dp"
                                    ],
                                    [
                                        "Px",
                                        "px"
                                    ],
                                    [
                                        "%",
                                        "%"
                                    ],
                                    [
                                        "Default",
                                        "Default"
                                    ],
                                    [
                                        "Preferred",
                                        "preferred"
                                    ]
                                ]
                            },
                            "Label": {},
                            "Textbox": {}
                        },
                        "uiRepresentation": "Label-Textbox-Combobox",
                        "wType": "FlexContainer"
                    },
                    "srcWgtKUID": "h0a282ca17324c44bb1e95890cf93b09"
                },
                {
                    "access": "Enable",
                    "group": "Headings",
                    "kuid": "g497be13e05c4d1c8df54c17e965c049",
                    "originalPropertyKey": "text",
                    "propertyIndex": 4,
                    "propertyKey": "subHeadingText",
                    "pw": {
                        "access": "readwrite",
                        "category": "look",
                        "displayName": "Sub Heading Text",
                        "srcWidget": "lblHeaderText2",
                        "type": "string",
                        "uiRepresentation": "Label-Textbox",
                        "wType": "Label"
                    },
                    "srcWgtKUID": "e99d670fdded4b11a6cf716304442452"
                },
                {
                    "access": "Enable",
                    "group": "Footer Options",
                    "kuid": "d20698626c4f48f587071fbc616d61cc",
                    "originalPropertyKey": "height",
                    "propertyIndex": 4,
                    "propertyKey": "footerImageHeight",
                    "pw": {
                        "access": "readwrite",
                        "category": "look",
                        "defaultValue": {
                            "type": "string",
                            "value": ""
                        },
                        "displayName": "Footer Image Height",
                        "forkablePlatforms": {
                            "desktop": [
                                "desktopweb",
                                "kiosk"
                            ],
                            "mobile": [
                                "iphone",
                                "android",
                                "winphone8",
                                "spa"
                            ],
                            "tablet": [
                                "ipad",
                                "android",
                                "windows8",
                                "spa"
                            ]
                        },
                        "srcWidget": "imgFooter",
                        "type": "object",
                        "uiConfig": {
                            "Combobox": {
                                "masterData": [
                                    [
                                        "Dp",
                                        "dp"
                                    ],
                                    [
                                        "Px",
                                        "px"
                                    ],
                                    [
                                        "%",
                                        "%"
                                    ],
                                    [
                                        "Default",
                                        "Default"
                                    ],
                                    [
                                        "Preferred",
                                        "preferred"
                                    ]
                                ]
                            },
                            "Label": {},
                            "Textbox": {}
                        },
                        "uiRepresentation": "Label-Textbox-Combobox",
                        "wType": "Image"
                    },
                    "srcWgtKUID": "ef7bf921185144929a80e4adbca28a58"
                },
                {
                    "access": "Enable",
                    "group": "Profile Options",
                    "kuid": "f37c4d5ec0334474a7a4223dccc74208",
                    "originalPropertyKey": "width",
                    "propertyIndex": 5,
                    "propertyKey": "profileImageWidth",
                    "pw": {
                        "access": "readwrite",
                        "category": "look",
                        "defaultValue": {
                            "type": "string",
                            "value": ""
                        },
                        "displayName": "Profile Image Width",
                        "forkablePlatforms": {
                            "desktop": [
                                "desktopweb",
                                "kiosk"
                            ],
                            "mobile": [
                                "iphone",
                                "android",
                                "winphone8",
                                "spa"
                            ],
                            "tablet": [
                                "ipad",
                                "android",
                                "windows8",
                                "spa"
                            ]
                        },
                        "srcWidget": "flxImage",
                        "type": "object",
                        "uiConfig": {
                            "Combobox": {
                                "masterData": [
                                    [
                                        "Dp",
                                        "dp"
                                    ],
                                    [
                                        "Px",
                                        "px"
                                    ],
                                    [
                                        "%",
                                        "%"
                                    ],
                                    [
                                        "Default",
                                        "Default"
                                    ],
                                    [
                                        "Preferred",
                                        "preferred"
                                    ]
                                ]
                            },
                            "Label": {},
                            "Textbox": {}
                        },
                        "uiRepresentation": "Label-Textbox-Combobox",
                        "wType": "FlexContainer"
                    },
                    "srcWgtKUID": "h0a282ca17324c44bb1e95890cf93b09"
                },
                {
                    "access": "Enable",
                    "group": "Footer Options",
                    "kuid": "c959fbcdad254ccdb83f9e4f2d48c7db",
                    "originalPropertyKey": "skin",
                    "propertyIndex": 5,
                    "propertyKey": "footerTextSkin",
                    "pw": {
                        "access": "readwrite",
                        "category": "skin",
                        "displayName": "Footer Text Skin",
                        "srcWidget": "textFooter",
                        "wType": "Label"
                    },
                    "srcWgtKUID": "d58f21c09ac64c1b967f499ebc2d6ce0"
                },
                {
                    "access": "Enable",
                    "group": "Headings",
                    "kuid": "b7127c39d52d40b6890727164c009aec",
                    "originalPropertyKey": "left",
                    "propertyIndex": 5,
                    "propertyKey": "headingLeft",
                    "pw": {
                        "access": "readwrite",
                        "category": "look",
                        "defaultValue": {
                            "type": "string",
                            "value": ""
                        },
                        "displayName": "Heading Left",
                        "forkablePlatforms": {
                            "desktop": [
                                "desktopweb",
                                "kiosk"
                            ],
                            "mobile": [
                                "iphone",
                                "android",
                                "winphone8",
                                "spa"
                            ],
                            "tablet": [
                                "ipad",
                                "android",
                                "windows8",
                                "spa"
                            ]
                        },
                        "srcWidget": "lblHeaderText1",
                        "type": "object",
                        "uiConfig": {
                            "Combobox": {
                                "masterData": [
                                    [
                                        "Dp",
                                        "dp"
                                    ],
                                    [
                                        "Px",
                                        "px"
                                    ],
                                    [
                                        "%",
                                        "%"
                                    ],
                                    [
                                        "Default",
                                        "Default"
                                    ]
                                ]
                            },
                            "Label": {},
                            "Textbox": {}
                        },
                        "uiRepresentation": "Label-Textbox-Combobox",
                        "wType": "Label"
                    },
                    "srcWgtKUID": "ec61a2b19b2744b39e0c82fed8d9440b"
                },
                {
                    "access": "Enable",
                    "group": "Headings",
                    "kuid": "h795a2c36f4c47c1a95c0b51cb31672a",
                    "originalPropertyKey": "left",
                    "propertyIndex": 6,
                    "propertyKey": "subHeadingLeft",
                    "pw": {
                        "access": "readwrite",
                        "category": "look",
                        "defaultValue": {
                            "type": "string",
                            "value": ""
                        },
                        "displayName": "Sub Heading Left",
                        "forkablePlatforms": {
                            "desktop": [
                                "desktopweb",
                                "kiosk"
                            ],
                            "mobile": [
                                "iphone",
                                "android",
                                "winphone8",
                                "spa"
                            ],
                            "tablet": [
                                "ipad",
                                "android",
                                "windows8",
                                "spa"
                            ]
                        },
                        "srcWidget": "lblHeaderText2",
                        "type": "object",
                        "uiConfig": {
                            "Combobox": {
                                "masterData": [
                                    [
                                        "Dp",
                                        "dp"
                                    ],
                                    [
                                        "Px",
                                        "px"
                                    ],
                                    [
                                        "%",
                                        "%"
                                    ],
                                    [
                                        "Default",
                                        "Default"
                                    ]
                                ]
                            },
                            "Label": {},
                            "Textbox": {}
                        },
                        "uiRepresentation": "Label-Textbox-Combobox",
                        "wType": "Label"
                    },
                    "srcWgtKUID": "e99d670fdded4b11a6cf716304442452"
                },
                {
                    "access": "Enable",
                    "group": "Profile Options",
                    "kuid": "ac690babaa504bcfaf14732161046635",
                    "originalPropertyKey": "src",
                    "propertyIndex": 6,
                    "propertyKey": "profileImageSrc",
                    "pw": {
                        "access": "readwrite",
                        "category": "widget",
                        "displayName": "Profile Image Source",
                        "srcWidget": "imgHeader",
                        "type": "string",
                        "uiConfig": {
                            "Button": {
                                "dataRetrieverId": "Imagelist",
                                "dataUpdaterId": "Imagelist",
                                "popupId": "Imagelist",
                                "type": "ImageEditBtn"
                            },
                            "Label": {}
                        },
                        "uiRepresentation": "Label-Label-Button",
                        "wType": "Image"
                    },
                    "srcWgtKUID": "jffda2b4b50749ff95a9afc729307330"
                },
                {
                    "access": "Enable",
                    "group": "Headings",
                    "kuid": "j7a4a01166d64d19af01612c660ea485",
                    "originalPropertyKey": "top",
                    "propertyIndex": 7,
                    "propertyKey": "headingTop",
                    "pw": {
                        "access": "readwrite",
                        "category": "look",
                        "defaultValue": {
                            "type": "string",
                            "value": ""
                        },
                        "displayName": "Heading Top",
                        "forkablePlatforms": {
                            "desktop": [
                                "desktopweb",
                                "kiosk"
                            ],
                            "mobile": [
                                "iphone",
                                "android",
                                "winphone8",
                                "spa"
                            ],
                            "tablet": [
                                "ipad",
                                "android",
                                "windows8",
                                "spa"
                            ]
                        },
                        "srcWidget": "lblHeaderText1",
                        "type": "object",
                        "uiConfig": {
                            "Combobox": {
                                "masterData": [
                                    [
                                        "Dp",
                                        "dp"
                                    ],
                                    [
                                        "Px",
                                        "px"
                                    ],
                                    [
                                        "%",
                                        "%"
                                    ],
                                    [
                                        "Default",
                                        "Default"
                                    ]
                                ]
                            },
                            "Label": {},
                            "Textbox": {}
                        },
                        "uiRepresentation": "Label-Textbox-Combobox",
                        "wType": "Label"
                    },
                    "srcWgtKUID": "ec61a2b19b2744b39e0c82fed8d9440b"
                },
                {
                    "access": "Enable",
                    "group": "General",
                    "kuid": "jad59b32c2a3402ab5f6fb328e9747b8",
                    "originalPropertyKey": "skin",
                    "propertyIndex": 7,
                    "propertyKey": "slidingMenuSkin",
                    "pw": {
                        "access": "readwrite",
                        "category": "skin",
                        "displayName": "Sliding Menu Skin",
                        "srcWidget": "flxMainSlidingMenu",
                        "wType": "FlexContainer"
                    },
                    "srcWgtKUID": "ee2f361ec6024cc48e36ce11a55799f1"
                },
                {
                    "access": "Enable",
                    "group": "Headings",
                    "kuid": "d7042aa9937d4470ba04246ea9aa35c0",
                    "originalPropertyKey": "top",
                    "propertyIndex": 8,
                    "propertyKey": "subHeadingTop",
                    "pw": {
                        "access": "readwrite",
                        "category": "look",
                        "defaultValue": {
                            "type": "string",
                            "value": ""
                        },
                        "displayName": "Sub Heading Top ",
                        "forkablePlatforms": {
                            "desktop": [
                                "desktopweb",
                                "kiosk"
                            ],
                            "mobile": [
                                "iphone",
                                "android",
                                "winphone8",
                                "spa"
                            ],
                            "tablet": [
                                "ipad",
                                "android",
                                "windows8",
                                "spa"
                            ]
                        },
                        "srcWidget": "lblHeaderText2",
                        "type": "object",
                        "uiConfig": {
                            "Combobox": {
                                "masterData": [
                                    [
                                        "Dp",
                                        "dp"
                                    ],
                                    [
                                        "Px",
                                        "px"
                                    ],
                                    [
                                        "%",
                                        "%"
                                    ],
                                    [
                                        "Default",
                                        "Default"
                                    ]
                                ]
                            },
                            "Label": {},
                            "Textbox": {}
                        },
                        "uiRepresentation": "Label-Textbox-Combobox",
                        "wType": "Label"
                    },
                    "srcWgtKUID": "e99d670fdded4b11a6cf716304442452"
                },
                {
                    "access": "Enable",
                    "group": "Headings",
                    "kuid": "id13eae856154e0fb894355a1fa720f1",
                    "originalPropertyKey": "width",
                    "propertyIndex": 9,
                    "propertyKey": "headingWidth",
                    "pw": {
                        "access": "readwrite",
                        "category": "look",
                        "defaultValue": {
                            "type": "string",
                            "value": ""
                        },
                        "displayName": "Heading Width",
                        "forkablePlatforms": {
                            "desktop": [
                                "desktopweb",
                                "kiosk"
                            ],
                            "mobile": [
                                "iphone",
                                "android",
                                "winphone8",
                                "spa"
                            ],
                            "tablet": [
                                "ipad",
                                "android",
                                "windows8",
                                "spa"
                            ]
                        },
                        "srcWidget": "lblHeaderText1",
                        "type": "object",
                        "uiConfig": {
                            "Combobox": {
                                "masterData": [
                                    [
                                        "Dp",
                                        "dp"
                                    ],
                                    [
                                        "Px",
                                        "px"
                                    ],
                                    [
                                        "%",
                                        "%"
                                    ],
                                    [
                                        "Default",
                                        "Default"
                                    ],
                                    [
                                        "Preferred",
                                        "preferred"
                                    ]
                                ]
                            },
                            "Label": {},
                            "Textbox": {}
                        },
                        "uiRepresentation": "Label-Textbox-Combobox",
                        "wType": "Label"
                    },
                    "srcWgtKUID": "ec61a2b19b2744b39e0c82fed8d9440b"
                },
                {
                    "access": "Enable",
                    "group": "Headings",
                    "kuid": "eebc50985a8c43649f03514dcad0fdf6",
                    "originalPropertyKey": "height",
                    "propertyIndex": 10,
                    "propertyKey": "headingHeight",
                    "pw": {
                        "access": "readwrite",
                        "category": "look",
                        "defaultValue": {
                            "type": "string",
                            "value": ""
                        },
                        "displayName": "Heading Height",
                        "forkablePlatforms": {
                            "desktop": [
                                "desktopweb",
                                "kiosk"
                            ],
                            "mobile": [
                                "iphone",
                                "android",
                                "winphone8",
                                "spa"
                            ],
                            "tablet": [
                                "ipad",
                                "android",
                                "windows8",
                                "spa"
                            ]
                        },
                        "srcWidget": "lblHeaderText1",
                        "type": "object",
                        "uiConfig": {
                            "Combobox": {
                                "masterData": [
                                    [
                                        "Dp",
                                        "dp"
                                    ],
                                    [
                                        "Px",
                                        "px"
                                    ],
                                    [
                                        "%",
                                        "%"
                                    ],
                                    [
                                        "Default",
                                        "Default"
                                    ],
                                    [
                                        "Preferred",
                                        "preferred"
                                    ]
                                ]
                            },
                            "Label": {},
                            "Textbox": {}
                        },
                        "uiRepresentation": "Label-Textbox-Combobox",
                        "wType": "Label"
                    },
                    "srcWgtKUID": "ec61a2b19b2744b39e0c82fed8d9440b"
                },
                {
                    "access": "Enable",
                    "group": "General",
                    "kuid": "g10e671ffd0f49f198dc46a22348d229",
                    "originalPropertyKey": "src",
                    "propertyIndex": 10,
                    "propertyKey": "slidingMenuIcon",
                    "pw": {
                        "access": "readwrite",
                        "category": "widget",
                        "displayName": "Sliding Menu Icon",
                        "srcWidget": "imgHamIcon",
                        "type": "string",
                        "uiConfig": {
                            "Button": {
                                "dataRetrieverId": "Imagelist",
                                "dataUpdaterId": "Imagelist",
                                "popupId": "Imagelist",
                                "type": "ImageEditBtn"
                            },
                            "Label": {}
                        },
                        "uiRepresentation": "Label-Label-Button",
                        "wType": "Image"
                    },
                    "srcWgtKUID": "df9c355ee2ad48d09338cac2f4e4f0bf"
                },
                {
                    "access": "Enable",
                    "group": "Headings",
                    "kuid": "hfc8a9624cc44e7e8e77094214f3236e",
                    "originalPropertyKey": "width",
                    "propertyIndex": 11,
                    "propertyKey": "subHeadingWidth",
                    "pw": {
                        "access": "readwrite",
                        "category": "look",
                        "defaultValue": {
                            "type": "string",
                            "value": ""
                        },
                        "displayName": "Sub Heading Width",
                        "forkablePlatforms": {
                            "desktop": [
                                "desktopweb",
                                "kiosk"
                            ],
                            "mobile": [
                                "iphone",
                                "android",
                                "winphone8",
                                "spa"
                            ],
                            "tablet": [
                                "ipad",
                                "android",
                                "windows8",
                                "spa"
                            ]
                        },
                        "srcWidget": "lblHeaderText2",
                        "type": "object",
                        "uiConfig": {
                            "Combobox": {
                                "masterData": [
                                    [
                                        "Dp",
                                        "dp"
                                    ],
                                    [
                                        "Px",
                                        "px"
                                    ],
                                    [
                                        "%",
                                        "%"
                                    ],
                                    [
                                        "Default",
                                        "Default"
                                    ],
                                    [
                                        "Preferred",
                                        "preferred"
                                    ]
                                ]
                            },
                            "Label": {},
                            "Textbox": {}
                        },
                        "uiRepresentation": "Label-Textbox-Combobox",
                        "wType": "Label"
                    },
                    "srcWgtKUID": "e99d670fdded4b11a6cf716304442452"
                },
                {
                    "access": "Enable",
                    "group": "General",
                    "kuid": "j290282a720345b59051a582ca36eafa",
                    "originalPropertyKey": "skin",
                    "propertyIndex": 11,
                    "propertyKey": "menuItemTextSkin",
                    "pw": {
                        "access": "readwrite",
                        "category": "skin",
                        "displayName": "Menu Item Text Skin",
                        "srcWidget": "lblnunito",
                        "wType": "Label"
                    },
                    "srcWgtKUID": "ac47f6b021474b7d864476adb7d5a59d"
                },
                {
                    "access": "Enable",
                    "group": "Headings",
                    "kuid": "decef744c57543bdae632c9bcd1be3b2",
                    "originalPropertyKey": "height",
                    "propertyIndex": 12,
                    "propertyKey": "subHeadingHeight",
                    "pw": {
                        "access": "readwrite",
                        "category": "look",
                        "defaultValue": {
                            "type": "string",
                            "value": ""
                        },
                        "displayName": "Sub Heading Height",
                        "forkablePlatforms": {
                            "desktop": [
                                "desktopweb",
                                "kiosk"
                            ],
                            "mobile": [
                                "iphone",
                                "android",
                                "winphone8",
                                "spa"
                            ],
                            "tablet": [
                                "ipad",
                                "android",
                                "windows8",
                                "spa"
                            ]
                        },
                        "srcWidget": "lblHeaderText2",
                        "type": "object",
                        "uiConfig": {
                            "Combobox": {
                                "masterData": [
                                    [
                                        "Dp",
                                        "dp"
                                    ],
                                    [
                                        "Px",
                                        "px"
                                    ],
                                    [
                                        "%",
                                        "%"
                                    ],
                                    [
                                        "Default",
                                        "Default"
                                    ],
                                    [
                                        "Preferred",
                                        "preferred"
                                    ]
                                ]
                            },
                            "Label": {},
                            "Textbox": {}
                        },
                        "uiRepresentation": "Label-Textbox-Combobox",
                        "wType": "Label"
                    },
                    "srcWgtKUID": "e99d670fdded4b11a6cf716304442452"
                },
                {
                    "access": "Enable",
                    "group": "Headings",
                    "kuid": "f6e909d214e04032af40ee08e62a7c18",
                    "originalPropertyKey": "skin",
                    "propertyIndex": 13,
                    "propertyKey": "headingSkin",
                    "pw": {
                        "access": "readwrite",
                        "category": "skin",
                        "displayName": "Heading Skin",
                        "srcWidget": "lblHeaderText1",
                        "wType": "Label"
                    },
                    "srcWgtKUID": "ec61a2b19b2744b39e0c82fed8d9440b"
                },
                {
                    "access": "Enable",
                    "group": "Headings",
                    "kuid": "a5e5e9676209415ca22ec889701ef764",
                    "originalPropertyKey": "skin",
                    "propertyIndex": 14,
                    "propertyKey": "subHeadingSkin",
                    "pw": {
                        "access": "readwrite",
                        "category": "skin",
                        "displayName": "Sub Heading Skin",
                        "srcWidget": "lblHeaderText2",
                        "wType": "Label"
                    },
                    "srcWgtKUID": "e99d670fdded4b11a6cf716304442452"
                }
            ]
        },
        "widgets": {
            "expose": [
                {
                    "kuid": "cb49991df42c4347ba6b426fc69a9c63",
                    "propertyKey": "flxTargetContainer",
                    "srcWgtKUID": "f02081ed7f6644c7ab14e7762a1e3e67"
                }
            ],
            "passthrough": [
                {
                    "kuid": "bb4c02ec6ba34f21891096cd236e44e6",
                    "propertyKey": "flxTargetContainer",
                    "srcWgtKUID": "f02081ed7f6644c7ab14e7762a1e3e67"
                }
            ]
        }
    },
    "namespace": "com.konymp",
    "version": "1.0.0"
}