{
    "@class": "com.kony.gen.viz.model.component.KVizUserWidget",
    "DNDConfig": null,
    "__parentReadjusting__": false,
    "_children_": [],
    "_height_": {
        "type": "string",
        "value": "7%"
    },
    "_left_": {
        "type": "string",
        "value": "0dp"
    },
    "_margin_": [
        0,
        0,
        0,
        0
    ],
    "_orientation_": 1,
    "_padding_": [
        0,
        0,
        0,
        0
    ],
    "_percent_": true,
    "_render_": true,
    "_skin_": "sbd8de714d8a474db98e580a555418ad",
    "_top_": {
        "type": "string",
        "value": "0dp"
    },
    "_width_": {
        "type": "string",
        "value": "100%"
    },
    "areflexpropsreferenced": false,
    "canUpdateUI": true,
    "clipbounds": true,
    "containerweight": 0,
    "dataDiffs": {
        "appheader": {
            "__events__": {},
            "__info__": {
                "isRoot": true,
                "kuid": "d93e9765ab444e9d88fab5ab3bea1f74",
                "srcKUID": "a5bab1e3b7544fa4a7e5dbb3ca3ed569",
                "wType": "FlexContainer"
            }
        },
        "lblTitle": {
            "__events__": {},
            "__info__": {
                "kuid": "c670e008e6b94d3eacf54e7386571635",
                "srcKUID": "b5cfce6ce7e74b2ca9986030c889f90f",
                "wType": "Label"
            }
        }
    },
    "id": "appheader",
    "info": null,
    "isdatareferenced": false,
    "isvisible": true,
    "kuid": "d93e9765ab444e9d88fab5ab3bea1f74",
    "layouttype": 2,
    "masterType": 0,
    "name": "kony.ui.UserWidgetInstance",
    "parent": "flexMain",
    "pf": "frmFlightBooking",
    "sourceUserWidget": "a5bab1e3b7544fa4a7e5dbb3ca3ed569",
    "wType": "UserWidgetInstance"
}