{
    "@class": "com.kony.gen.viz.model.component.KVizButton",
    "DNDConfig": null,
    "__parentReadjusting__": false,
    "_height_": {
        "type": "string",
        "value": "100%"
    },
    "_left_": {
        "type": "string",
        "value": "0dp"
    },
    "_margin_": [
        6,
        6,
        6,
        6
    ],
    "_padding_": [
        0,
        0,
        0,
        0
    ],
    "_skin_": "sf9373c344dc403fa76eb0c4564e37a3",
    "_text_": "Book Flight",
    "_top_": {
        "type": "string",
        "value": "0dp"
    },
    "_width_": {
        "type": "string",
        "value": "100%"
    },
    "canUpdateUI": true,
    "centery": {
        "type": "string",
        "value": "50%"
    },
    "containerweight": 100,
    "contentalignment": 5,
    "displaytext": true,
    "focusskin": "sa8f551e8f2f46eeacae29e44aae45f7",
    "id": "btnContinue",
    "ide_onClick": "AS_Button_a24d38f09b2741828fca8a470d4e505c",
    "info": null,
    "isvisible": true,
    "kuid": "e606a9f8f9f34ac694acb235e7e8cf87",
    "name": "kony.ui.Button",
    "parent": "flxContinue",
    "pf": "frmFlightBooking",
    "wType": "Button",
    "zindex": 1
}