{
    "android": {
        "font_name": "Nunito-Bold",
        "font_size": 121,
        "isForked": false
    },
    "background_color": "f2f2f200",
    "bg_type": "one",
    "border_color": "424242ff",
    "border_style": "plain",
    "border_type": 0,
    "border_width": 0,
    "desktopweb": {
        "font_name": "Helvetica",
        "font_size": 121,
        "isForked": false
    },
    "fontSizeInPx": false,
    "font_color": "66ccffff",
    "font_name": "Helvetica",
    "font_size": 121,
    "font_style": "normal",
    "font_weight": "normal",
    "ipad": {
        "font_name": "Helvetica",
        "font_size": 121,
        "isForked": false
    },
    "iphone": {
        "font_name": "Nunito-Bold",
        "font_size": 121,
        "isForked": false
    },
    "isDefaultSkin": false,
    "kiosk": {
        "font_name": "GenericMonospace",
        "font_size": 121,
        "isForked": false
    },
    "kuid": "se5f8b17b8f4451fa813030a73346cc5",
    "spaan": {
        "font_name": "Helvetica",
        "font_size": 121,
        "isForked": false
    },
    "spaandroidtablet": {
        "font_name": "Helvetica",
        "font_size": 121,
        "isForked": false
    },
    "spabb": {
        "font_name": "Helvetica",
        "font_size": 121,
        "isForked": false
    },
    "spaip": {
        "font_name": "Helvetica",
        "font_size": 121,
        "isForked": false
    },
    "spaipad": {
        "font_name": "Helvetica",
        "font_size": 121,
        "isForked": false
    },
    "spawindowstablet": {
        "font_name": "Helvetica",
        "font_size": 121,
        "isForked": false
    },
    "spawinphone8": {
        "font_name": "Helvetica",
        "font_size": 121,
        "isForked": false
    },
    "tabrcandroid": {
        "font_name": "Helvetica",
        "font_size": 121,
        "isForked": false
    },
    "wType": "Label",
    "watchos": {
        "font_name": "Helvetica",
        "font_size": 121,
        "isForked": false
    },
    "windows8": {
        "font_name": "GenericMonospace",
        "font_size": 121,
        "isForked": false
    },
    "winphone8": {
        "font_name": "GenericMonospace",
        "font_size": 121,
        "isForked": false
    }
}