{
    "background_color": "fa713aff",
    "bg_type": "one",
    "border_color": "ffffffff",
    "border_style": "plain",
    "border_type": 0,
    "border_width": 0,
    "delinkedPltfrms": {
        "desktop": [],
        "mobile": [
            "android"
        ],
        "tablet": [],
        "watch": []
    },
    "fontSizeInPx": false,
    "font_color": "ffffffff",
    "font_name": "Helvetica",
    "font_size": 100,
    "font_style": "normal",
    "font_weight": "normal",
    "isDefaultSkin": false,
    "kuid": "sa0916ce82b54d24b63685ceb01d2d26",
    "wType": "Button"
}