{
  "background_color": "f0ae2cff",
  "bg_type": "one",
  "border_color": "ffffffff",
  "border_style": "plain",
  "border_type": 0,
  "border_width": 0,
  "desktopweb": {
    "background_color": "f0ae2cff",
    "bg_type": "one",
    "bottom_left_border_color": "ffffffff",
    "bottom_left_border_style": "plain",
    "bottom_left_border_width": 0,
    "bottom_right_border_color": "ffffffff",
    "bottom_right_border_style": "plain",
    "bottom_right_border_width": 0,
    "font_color": "ffffffff",
    "font_name": "Helvetica",
    "font_size": 128,
    "isForked": true,
    "shadow": {
      "br": 2,
      "color": "000000ff",
      "inner": false,
      "nm": 0,
      "x": 0,
      "y": 2
    },
    "text_shadow": {
      "br": 0,
      "color": "000000ff",
      "nm": 0,
      "x": 0,
      "y": 0
    },
    "top_left_border_color": "ffffffff",
    "top_left_border_style": "plain",
    "top_left_border_width": 0,
    "top_right_border_color": "ffffffff",
    "top_right_border_style": "plain",
    "top_right_border_width": 0
  },
  "fontSizeInPx": false,
  "font_color": "ffffffff",
  "font_name": "Helvetica",
  "font_size": 148,
  "font_style": "normal",
  "font_weight": "normal",
  "ipad": {
    "background_color": "f0ae2cff",
    "bg_type": "one",
    "border_color": "33386dff",
    "border_style": "plain",
    "border_type": 0,
    "border_width": 0,
    "font_color": "ffffffff",
    "font_name": "Helvetica-Bold",
    "font_size": 128,
    "isForked": true,
    "text_shadow": {
      "br": 0,
      "color": "000000ff",
      "nm": 0,
      "x": 0,
      "y": 0
    }
  },
  "isDefaultSkin": false,
  "kiosk": {
    "background_color": "f0ae2cff",
    "bg_type": "one",
    "border_color": "33386dff",
    "border_style": "plain",
    "border_type": 0,
    "border_width": 0,
    "font_color": "ffffffff",
    "font_name": "GenericMonospace",
    "font_size": 128,
    "isForked": true
  },
  "kuid": "sf9373c344dc403fa76eb0c4564e37a3",
  "spaandroidtablet": {
    "background_color": "f0ae2cff",
    "bg_type": "one",
    "bottom_left_border_color": "ffffffff",
    "bottom_left_border_style": "plain",
    "bottom_left_border_width": 0,
    "bottom_right_border_color": "ffffffff",
    "bottom_right_border_style": "plain",
    "bottom_right_border_width": 0,
    "font_color": "ffffffff",
    "font_name": "Helvetica",
    "font_size": 128,
    "isForked": true,
    "shadow": {
      "br": 2,
      "color": "000000ff",
      "inner": false,
      "nm": 0,
      "x": 0,
      "y": 2
    },
    "text_shadow": {
      "br": 0,
      "color": "000000ff",
      "nm": 0,
      "x": 0,
      "y": 0
    },
    "top_left_border_color": "ffffffff",
    "top_left_border_style": "plain",
    "top_left_border_width": 0,
    "top_right_border_color": "ffffffff",
    "top_right_border_style": "plain",
    "top_right_border_width": 0
  },
  "spaipad": {
    "background_color": "f0ae2cff",
    "bg_type": "one",
    "bottom_left_border_color": "ffffffff",
    "bottom_left_border_style": "plain",
    "bottom_left_border_width": 0,
    "bottom_right_border_color": "ffffffff",
    "bottom_right_border_style": "plain",
    "bottom_right_border_width": 0,
    "font_color": "ffffffff",
    "font_name": "Helvetica",
    "font_size": 128,
    "isForked": true,
    "shadow": {
      "br": 2,
      "color": "000000ff",
      "inner": false,
      "nm": 0,
      "x": 0,
      "y": 2
    },
    "text_shadow": {
      "br": 0,
      "color": "000000ff",
      "nm": 0,
      "x": 0,
      "y": 0
    },
    "top_left_border_color": "ffffffff",
    "top_left_border_style": "plain",
    "top_left_border_width": 0,
    "top_right_border_color": "ffffffff",
    "top_right_border_style": "plain",
    "top_right_border_width": 0
  },
  "spawindowstablet": {
    "background_color": "f0ae2cff",
    "bg_type": "one",
    "bottom_left_border_color": "ffffffff",
    "bottom_left_border_style": "plain",
    "bottom_left_border_width": 0,
    "bottom_right_border_color": "ffffffff",
    "bottom_right_border_style": "plain",
    "bottom_right_border_width": 0,
    "font_color": "ffffffff",
    "font_name": "Helvetica",
    "font_size": 128,
    "isForked": true,
    "shadow": {
      "br": 2,
      "color": "000000ff",
      "inner": false,
      "nm": 0,
      "x": 0,
      "y": 2
    },
    "text_shadow": {
      "br": 0,
      "color": "000000ff",
      "nm": 0,
      "x": 0,
      "y": 0
    },
    "top_left_border_color": "ffffffff",
    "top_left_border_style": "plain",
    "top_left_border_width": 0,
    "top_right_border_color": "ffffffff",
    "top_right_border_style": "plain",
    "top_right_border_width": 0
  },
  "tabrcandroid": {
    "background_color": "f0ae2cff",
    "bg_type": "one",
    "border_color": "33386dff",
    "border_style": "plain",
    "border_type": 0,
    "border_width": 0,
    "font_color": "ffffffff",
    "font_name": "Helvetica",
    "font_size": 128,
    "isForked": true,
    "text_shadow": {
      "br": 0,
      "color": "000000ff",
      "nm": 0,
      "x": 0,
      "y": 0
    }
  },
  "wType": "Button",
  "watchos": {
    "background_color": "f0ae2cff",
    "bg_type": "one",
    "font_color": "ffffffff",
    "font_name": "Helvetica",
    "font_size": 128,
    "isForked": true
  },
  "windows8": {
    "background_color": "f0ae2cff",
    "bg_type": "one",
    "border_color": "33386dff",
    "border_style": "plain",
    "border_type": 0,
    "border_width": 0,
    "font_color": "ffffffff",
    "font_name": "GenericMonospace",
    "font_size": 128,
    "isForked": true
  }
}