{
  "android": {
    "font_name": "Helvetica",
    "font_size": 100,
    "isForked": false
  },
  "background_color": "70707000",
  "bg_type": "one",
  "border_color": "424242ff",
  "border_style": "plain",
  "border_type": 0,
  "border_width": 0,
  "desktopweb": {
    "font_name": "Helvetica",
    "font_size": 100,
    "isForked": false
  },
  "fontSizeInPx": false,
  "font_color": "333333ff",
  "font_name": "Helvetica",
  "font_size": 100,
  "font_style": "normal",
  "font_weight": "bold",
  "ipad": {
    "font_name": "Helvetica",
    "font_size": 100,
    "isForked": false
  },
  "iphone": {
    "font_name": "Helvetica",
    "font_size": 100,
    "isForked": false
  },
  "isDefaultSkin": false,
  "kiosk": {
    "font_name": "GenericMonospace",
    "font_size": 100,
    "isForked": false
  },
  "kuid": "sddd30b9fd2a4524914aab59276e42e4",
  "spaan": {
    "font_name": "Helvetica",
    "font_size": 100,
    "isForked": false
  },
  "spaandroidtablet": {
    "font_name": "Helvetica",
    "font_size": 100,
    "isForked": false
  },
  "spabb": {
    "font_name": "Helvetica",
    "font_size": 100,
    "isForked": false
  },
  "spaip": {
    "font_name": "Helvetica",
    "font_size": 100,
    "isForked": false
  },
  "spaipad": {
    "font_name": "Helvetica",
    "font_size": 100,
    "isForked": false
  },
  "spawindowstablet": {
    "font_name": "Helvetica",
    "font_size": 100,
    "isForked": false
  },
  "spawinphone8": {
    "font_name": "Helvetica",
    "font_size": 100,
    "isForked": false
  },
  "tabrcandroid": {
    "font_name": "Helvetica",
    "font_size": 100,
    "isForked": false
  },
  "wType": "Label",
  "watchos": {
    "font_name": "Helvetica",
    "font_size": 100,
    "isForked": false
  },
  "windows8": {
    "font_name": "GenericMonospace",
    "font_size": 100,
    "isForked": false
  },
  "winphone8": {
    "font_name": "GenericMonospace",
    "font_size": 100,
    "isForked": false
  }
}