{
  "background_image": "login_bg_img.png",
  "bg_type": "image",
  "border_color": "000000ff",
  "border_style": "plain",
  "border_type": 0,
  "border_width": 0,
  "desktopweb": {
    "background_color": {
      "angle": 270,
      "colors": [
        "0b4195ff",
        "249ab8ff",
        "249ab8ff"
      ],
      "cs": [
        0,
        92,
        95
      ],
      "gradientType": "toLeft",
      "gt": "linear"
    },
    "background_style": "linear",
    "bg_type": "ms_gradient",
    "bottom_left_border_color": "000000ff",
    "bottom_left_border_style": "plain",
    "bottom_left_border_width": 0,
    "bottom_right_border_color": "000000ff",
    "bottom_right_border_style": "plain",
    "bottom_right_border_width": 0,
    "isForked": true,
    "top_left_border_color": "000000ff",
    "top_left_border_style": "plain",
    "top_left_border_width": 0,
    "top_right_border_color": "000000ff",
    "top_right_border_style": "plain",
    "top_right_border_width": 0
  },
  "ipad": {
    "background_color": {
      "angle": 270,
      "colors": [
        "0b4195ff",
        "249ab8ff",
        "249ab8ff"
      ],
      "cs": [
        0,
        92,
        95
      ],
      "gradientType": "toLeft",
      "gt": "linear"
    },
    "background_style": "linear",
    "bg_type": "ms_gradient",
    "isForked": true
  },
  "isDefaultSkin": false,
  "kiosk": {
    "background_color": {
      "angle": 270,
      "colors": [
        "0b4195ff",
        "249ab8ff",
        "249ab8ff"
      ],
      "cs": [
        0,
        92,
        95
      ],
      "gradientType": "toLeft",
      "gt": "linear"
    },
    "background_style": "linear",
    "bg_type": "ms_gradient",
    "isForked": true
  },
  "kuid": "s49b8f3d1bd2425b8866a0a84205366d",
  "spaandroidtablet": {
    "background_color": {
      "angle": 270,
      "colors": [
        "0b4195ff",
        "249ab8ff",
        "249ab8ff"
      ],
      "cs": [
        0,
        92,
        95
      ],
      "gradientType": "toLeft",
      "gt": "linear"
    },
    "background_style": "linear",
    "bg_type": "ms_gradient",
    "bottom_left_border_color": "000000ff",
    "bottom_left_border_style": "plain",
    "bottom_left_border_width": 0,
    "bottom_right_border_color": "000000ff",
    "bottom_right_border_style": "plain",
    "bottom_right_border_width": 0,
    "isForked": true,
    "top_left_border_color": "000000ff",
    "top_left_border_style": "plain",
    "top_left_border_width": 0,
    "top_right_border_color": "000000ff",
    "top_right_border_style": "plain",
    "top_right_border_width": 0
  },
  "spaipad": {
    "background_color": {
      "angle": 270,
      "colors": [
        "0b4195ff",
        "249ab8ff",
        "249ab8ff"
      ],
      "cs": [
        0,
        92,
        95
      ],
      "gradientType": "toLeft",
      "gt": "linear"
    },
    "background_style": "linear",
    "bg_type": "ms_gradient",
    "bottom_left_border_color": "000000ff",
    "bottom_left_border_style": "plain",
    "bottom_left_border_width": 0,
    "bottom_right_border_color": "000000ff",
    "bottom_right_border_style": "plain",
    "bottom_right_border_width": 0,
    "isForked": true,
    "top_left_border_color": "000000ff",
    "top_left_border_style": "plain",
    "top_left_border_width": 0,
    "top_right_border_color": "000000ff",
    "top_right_border_style": "plain",
    "top_right_border_width": 0
  },
  "spawindowstablet": {
    "background_color": {
      "angle": 270,
      "colors": [
        "0b4195ff",
        "249ab8ff",
        "249ab8ff"
      ],
      "cs": [
        0,
        92,
        95
      ],
      "gradientType": "toLeft",
      "gt": "linear"
    },
    "background_style": "linear",
    "bg_type": "ms_gradient",
    "bottom_left_border_color": "000000ff",
    "bottom_left_border_style": "plain",
    "bottom_left_border_width": 0,
    "bottom_right_border_color": "000000ff",
    "bottom_right_border_style": "plain",
    "bottom_right_border_width": 0,
    "isForked": true,
    "top_left_border_color": "000000ff",
    "top_left_border_style": "plain",
    "top_left_border_width": 0,
    "top_right_border_color": "000000ff",
    "top_right_border_style": "plain",
    "top_right_border_width": 0
  },
  "tabrcandroid": {
    "background_color": {
      "angle": 270,
      "colors": [
        "0b4195ff",
        "249ab8ff",
        "249ab8ff"
      ],
      "cs": [
        0,
        92,
        95
      ],
      "gradientType": "toLeft",
      "gt": "linear"
    },
    "background_style": "linear",
    "bg_type": "ms_gradient",
    "isForked": true
  },
  "wType": "FlexContainer",
  "windows8": {
    "background_color": {
      "angle": 270,
      "colors": [
        "0b4195ff",
        "249ab8ff",
        "249ab8ff"
      ],
      "cs": [
        0,
        92,
        95
      ],
      "gradientType": "toLeft",
      "gt": "linear"
    },
    "background_style": "linear",
    "bg_type": "ms_gradient",
    "isForked": true
  }
}