{
  "background_color": "ffffffff",
  "bg_type": "one",
  "border_color": "e0e0e0ff",
  "border_radius": 10,
  "border_style": "custom",
  "border_type": 0,
  "border_width": 1,
  "desktopweb": {
    "bottom_left_border_color": "e2e2e2ff",
    "bottom_left_border_style": "plain",
    "bottom_left_border_width": 1,
    "bottom_right_border_color": "e2e2e2ff",
    "bottom_right_border_style": "plain",
    "bottom_right_border_width": 1,
    "isForked": true,
    "shadow": {
      "br": 0,
      "color": "000000",
      "inner": false,
      "nm": 0,
      "x": 0,
      "y": 0
    },
    "top_left_border_color": "e2e2e2ff",
    "top_left_border_style": "plain",
    "top_left_border_width": 1,
    "top_right_border_color": "e2e2e2ff",
    "top_right_border_style": "plain",
    "top_right_border_width": 1
  },
  "ipad": {
    "isForked": true,
    "shadow": {
      "br": 0,
      "color": "000000",
      "inner": false,
      "nm": 0,
      "x": 0,
      "y": 0
    }
  },
  "isDefaultSkin": false,
  "kuid": "sedadc5a5dd548d8b08e0f091c3718b4",
  "spaandroidtablet": {
    "bottom_left_border_color": "e2e2e2ff",
    "bottom_left_border_style": "plain",
    "bottom_left_border_width": 1,
    "bottom_right_border_color": "e2e2e2ff",
    "bottom_right_border_style": "plain",
    "bottom_right_border_width": 1,
    "isForked": true,
    "shadow": {
      "br": 0,
      "color": "000000",
      "inner": false,
      "nm": 0,
      "x": 0,
      "y": 0
    },
    "top_left_border_color": "e2e2e2ff",
    "top_left_border_style": "plain",
    "top_left_border_width": 1,
    "top_right_border_color": "e2e2e2ff",
    "top_right_border_style": "plain",
    "top_right_border_width": 1
  },
  "spaipad": {
    "bottom_left_border_color": "e2e2e2ff",
    "bottom_left_border_style": "plain",
    "bottom_left_border_width": 1,
    "bottom_right_border_color": "e2e2e2ff",
    "bottom_right_border_style": "plain",
    "bottom_right_border_width": 1,
    "isForked": true,
    "shadow": {
      "br": 0,
      "color": "000000",
      "inner": false,
      "nm": 0,
      "x": 0,
      "y": 0
    },
    "top_left_border_color": "e2e2e2ff",
    "top_left_border_style": "plain",
    "top_left_border_width": 1,
    "top_right_border_color": "e2e2e2ff",
    "top_right_border_style": "plain",
    "top_right_border_width": 1
  },
  "spawindowstablet": {
    "bottom_left_border_color": "e2e2e2ff",
    "bottom_left_border_style": "plain",
    "bottom_left_border_width": 1,
    "bottom_right_border_color": "e2e2e2ff",
    "bottom_right_border_style": "plain",
    "bottom_right_border_width": 1,
    "isForked": true,
    "shadow": {
      "br": 0,
      "color": "000000",
      "inner": false,
      "nm": 0,
      "x": 0,
      "y": 0
    },
    "top_left_border_color": "e2e2e2ff",
    "top_left_border_style": "plain",
    "top_left_border_width": 1,
    "top_right_border_color": "e2e2e2ff",
    "top_right_border_style": "plain",
    "top_right_border_width": 1
  },
  "wType": "FlexContainer"
}