{
  "background_color": "f7d38bff",
  "bg_type": "one",
  "border_color": "000000ff",
  "border_style": "plain",
  "border_type": 0,
  "border_width": 0,
  "delinkedPltfrms": {
    "desktop": [],
    "mobile": [],
    "tablet": [],
    "watch": []
  },
  "desktopweb": {
    "background_color": "ffffffff",
    "bg_type": "one",
    "bottom_left_border_color": "000000ff",
    "bottom_left_border_style": "plain",
    "bottom_left_border_width": 0,
    "bottom_right_border_color": "000000ff",
    "bottom_right_border_style": "plain",
    "bottom_right_border_width": 0,
    "isForked": true,
    "shadow": {
      "br": 0,
      "color": "b0bec5ff",
      "inner": false,
      "nm": 0,
      "x": 0,
      "y": 0
    },
    "top_left_border_color": "000000ff",
    "top_left_border_style": "plain",
    "top_left_border_width": 0,
    "top_right_border_color": "000000ff",
    "top_right_border_style": "plain",
    "top_right_border_width": 0
  },
  "ipad": {
    "background_color": "ffffffff",
    "bg_type": "one",
    "border_color": "00000000",
    "border_radius": 2,
    "border_style": "custom",
    "border_type": 0,
    "border_width": 1,
    "isForked": true,
    "shadow": {
      "br": 0,
      "color": "b0bec5ff",
      "inner": false,
      "nm": 0,
      "x": 0,
      "y": 0
    }
  },
  "isDefaultSkin": false,
  "kiosk": {
    "background_color": "ffffffff",
    "bg_type": "one",
    "border_color": "00000000",
    "border_radius": 2,
    "border_style": "custom",
    "border_type": 0,
    "border_width": 1,
    "isForked": true
  },
  "kuid": "s590f9f442ee4689a6fd98b8bb81e7a9",
  "spaandroidtablet": {
    "background_color": "ffffffff",
    "bg_type": "one",
    "bottom_left_border_color": "000000ff",
    "bottom_left_border_style": "plain",
    "bottom_left_border_width": 0,
    "bottom_right_border_color": "000000ff",
    "bottom_right_border_style": "plain",
    "bottom_right_border_width": 0,
    "isForked": true,
    "shadow": {
      "br": 0,
      "color": "b0bec5ff",
      "inner": false,
      "nm": 0,
      "x": 0,
      "y": 0
    },
    "top_left_border_color": "000000ff",
    "top_left_border_style": "plain",
    "top_left_border_width": 0,
    "top_right_border_color": "000000ff",
    "top_right_border_style": "plain",
    "top_right_border_width": 0
  },
  "spaipad": {
    "background_color": "ffffffff",
    "bg_type": "one",
    "bottom_left_border_color": "000000ff",
    "bottom_left_border_style": "plain",
    "bottom_left_border_width": 0,
    "bottom_right_border_color": "000000ff",
    "bottom_right_border_style": "plain",
    "bottom_right_border_width": 0,
    "isForked": true,
    "shadow": {
      "br": 0,
      "color": "b0bec5ff",
      "inner": false,
      "nm": 0,
      "x": 0,
      "y": 0
    },
    "top_left_border_color": "000000ff",
    "top_left_border_style": "plain",
    "top_left_border_width": 0,
    "top_right_border_color": "000000ff",
    "top_right_border_style": "plain",
    "top_right_border_width": 0
  },
  "spawindowstablet": {
    "background_color": "ffffffff",
    "bg_type": "one",
    "bottom_left_border_color": "000000ff",
    "bottom_left_border_style": "plain",
    "bottom_left_border_width": 0,
    "bottom_right_border_color": "000000ff",
    "bottom_right_border_style": "plain",
    "bottom_right_border_width": 0,
    "isForked": true,
    "shadow": {
      "br": 0,
      "color": "b0bec5ff",
      "inner": false,
      "nm": 0,
      "x": 0,
      "y": 0
    },
    "top_left_border_color": "000000ff",
    "top_left_border_style": "plain",
    "top_left_border_width": 0,
    "top_right_border_color": "000000ff",
    "top_right_border_style": "plain",
    "top_right_border_width": 0
  },
  "tabrcandroid": {
    "background_color": "ffffffff",
    "bg_type": "one",
    "border_color": "00000000",
    "border_radius": 2,
    "border_style": "custom",
    "border_type": 0,
    "border_width": 1,
    "isForked": true
  },
  "wType": "FlexContainer",
  "windows8": {
    "background_color": "ffffffff",
    "bg_type": "one",
    "border_color": "00000000",
    "border_radius": 2,
    "border_style": "custom",
    "border_type": 0,
    "border_width": 1,
    "isForked": true
  }
}