{
  "android": {
    "font_name": "Helvetica",
    "font_size": 110,
    "isForked": false
  },
  "background_color": "f0ae2cff",
  "bg_type": "one",
  "border_color": "ffffffff",
  "border_style": "plain",
  "border_type": 0,
  "border_width": 0,
  "desktopweb": {
    "font_name": "Arial",
    "font_size": 110,
    "isForked": false
  },
  "fontSizeInPx": false,
  "font_color": "ffffffff",
  "font_name": "Arial",
  "font_size": 110,
  "font_style": "normal",
  "font_weight": "normal",
  "ipad": {
    "font_name": "Arial",
    "font_size": 110,
    "isForked": false
  },
  "iphone": {
    "font_name": "Helvetica",
    "font_size": 110,
    "isForked": false
  },
  "isDefaultSkin": false,
  "kiosk": {
    "font_name": "FontAwesome",
    "font_size": 110,
    "isForked": false
  },
  "kuid": "sb9c9c1adac94e3d9dc16fc6b6f41f37",
  "spaan": {
    "font_name": "Arial",
    "font_size": 110,
    "isForked": false
  },
  "spaandroidtablet": {
    "font_name": "Arial",
    "font_size": 110,
    "isForked": false
  },
  "spabb": {
    "font_name": "Arial",
    "font_size": 110,
    "isForked": false
  },
  "spaip": {
    "font_name": "Arial",
    "font_size": 110,
    "isForked": false
  },
  "spaipad": {
    "font_name": "Arial",
    "font_size": 110,
    "isForked": false
  },
  "spawindowstablet": {
    "font_name": "Arial",
    "font_size": 110,
    "isForked": false
  },
  "spawinphone8": {
    "font_name": "Arial",
    "font_size": 110,
    "isForked": false
  },
  "tabrcandroid": {
    "font_name": "default",
    "font_size": 110,
    "isForked": false
  },
  "wType": "TabPane",
  "watchos": {
    "font_name": "Arial",
    "font_size": 110,
    "isForked": false
  },
  "windows8": {
    "font_name": "FontAwesome",
    "font_size": 110,
    "isForked": false
  },
  "winphone8": {
    "font_name": "GenericSansSerif",
    "font_size": 110,
    "isForked": false
  }
}