{
  "android": {
    "font_size": 110,
    "isForked": false
  },
  "background_color": "6161617f",
  "bg_type": "one",
  "border_color": "282828ff",
  "border_style": "plain",
  "border_type": 0,
  "border_width": 0,
  "desktopweb": {
    "font_size": 110,
    "isForked": false
  },
  "font_color": "ffffffff",
  "font_name": "Helvetica",
  "font_size": 110,
  "ipad": {
    "font_size": 110,
    "isForked": false
  },
  "iphone": {
    "font_size": 110,
    "isForked": false
  },
  "isDefaultSkin": false,
  "kiosk": {
    "font_size": 110,
    "isForked": false
  },
  "kuid": "s27df8d8785140a1be76d9d455fcef4b",
  "spaan": {
    "font_size": 110,
    "isForked": false
  },
  "spaandroidtablet": {
    "font_size": 110,
    "isForked": false
  },
  "spabb": {
    "font_size": 110,
    "isForked": false
  },
  "spaip": {
    "font_size": 110,
    "isForked": false
  },
  "spaipad": {
    "font_size": 110,
    "isForked": false
  },
  "spawindowstablet": {
    "font_size": 110,
    "isForked": false
  },
  "spawinphone8": {
    "font_size": 110,
    "isForked": false
  },
  "tabrcandroid": {
    "font_size": 110,
    "isForked": false
  },
  "wType": "TextField",
  "watchos": {
    "font_size": 110,
    "isForked": false
  },
  "windows8": {
    "font_size": 110,
    "isForked": false
  },
  "winphone8": {
    "font_size": 110,
    "isForked": false
  }
}