{
    "@class": "com.kony.gen.viz.model.component.KVizButton",
    "DNDConfig": null,
    "__parentReadjusting__": false,
    "_height_": {
        "type": "string",
        "value": "50dp"
    },
    "_left_": {
        "type": "string",
        "value": "48dp"
    },
    "_margin_": [
        6,
        6,
        6,
        6
    ],
    "_padding_": [
        0,
        0,
        0,
        0
    ],
    "_skin_": "s6d9fbc9b5374a129dbb49e622462d49",
    "_text_": "Button",
    "_top_": {
        "type": "string",
        "value": "20dp"
    },
    "_width_": {
        "type": "string",
        "value": "260dp"
    },
    "canUpdateUI": true,
    "centerx": {
        "type": "string",
        "value": "50%"
    },
    "containerweight": 100,
    "contentalignment": 5,
    "displaytext": true,
    "focusskin": "sdba77c5fa7a44f2879582371fe0174f",
    "id": "Button0ebfe5c4f6fd149",
    "ide_onClick": "AS_Button_ge77fa7c7d524e379e3d812132651671",
    "info": null,
    "isvisible": true,
    "kuid": "icd8ed8ed76a4853b6c20fdc1711d273",
    "name": "kony.ui.Button",
    "parent": "Form1",
    "pf": "Form1",
    "wType": "Button",
    "zindex": 1
}